name,iterations,real_time,cpu_time,time_unit,bytes_per_second,items_per_second,label,error_occurred,error_message,"subs_per_sec","time_per_sub_ns"
"BM_PubSub_Emit_Sync/1/repeats:10/process_time/real_time",334124,2110.5,2110.4,ns,,,,,,1.4181,1959
"BM_PubSub_Emit_Sync/1/repeats:10/process_time/real_time",334124,2099.77,2099.71,ns,,,,,,1.42534,1959
"BM_PubSub_Emit_Sync/1/repeats:10/process_time/real_time",334124,2094.77,2094.63,ns,,,,,,1.42875,2000
"BM_PubSub_Emit_Sync/1/repeats:10/process_time/real_time",334124,2092.49,2092.39,ns,,,,,,1.43031,2000
"BM_PubSub_Emit_Sync/1/repeats:10/process_time/real_time",334124,2093.15,2092.84,ns,,,,,,1.42985,1958
"BM_PubSub_Emit_Sync/1/repeats:10/process_time/real_time",334124,2110.02,2109.65,ns,,,,,,1.41843,2084
"BM_PubSub_Emit_Sync/1/repeats:10/process_time/real_time",334124,2095.44,2095.29,ns,,,,,,1.4283,1959
"BM_PubSub_Emit_Sync/1/repeats:10/process_time/real_time",334124,2094.3,2093.79,ns,,,,,,1.42907,1958
"BM_PubSub_Emit_Sync/1/repeats:10/process_time/real_time",334124,2090.57,2090.53,ns,,,,,,1.43162,2000
"BM_PubSub_Emit_Sync/1/repeats:10/process_time/real_time",334124,2092.08,2092.01,ns,,,,,,1.43058,1959
"BM_PubSub_Emit_Sync/1/repeats:10/process_time/real_time_mean",10,2097.31,2097.12,ns,,,,,,1.42703,1983.6
"BM_PubSub_Emit_Sync/1/repeats:10/process_time/real_time_median",10,2094.54,2094.21,ns,,,,,,1.42891,1959
"BM_PubSub_Emit_Sync/1/repeats:10/process_time/real_time_stddev",10,7.25616,7.23687,ns,,,,,,0.004919,40.3022
"BM_PubSub_Emit_Sync/1/repeats:10/process_time/real_time_cv",10,0.00345975,0.00345086,,,,,,,0.00344701,0.0203177
"BM_PubSub_Emit_Sync/10/repeats:10/process_time/real_time",36102,19533.6,19533.2,ns,,,,,,14.1803,1916.7
"BM_PubSub_Emit_Sync/10/repeats:10/process_time/real_time",36102,19421.4,19419.8,ns,,,,,,14.2622,1904.1
"BM_PubSub_Emit_Sync/10/repeats:10/process_time/real_time",36102,19543.3,19540,ns,,,,,,14.1733,1908.3
"BM_PubSub_Emit_Sync/10/repeats:10/process_time/real_time",36102,19535.5,19533.3,ns,,,,,,14.1789,1912.5
"BM_PubSub_Emit_Sync/10/repeats:10/process_time/real_time",36102,19562.2,19560.5,ns,,,,,,14.1596,1995.8
"BM_PubSub_Emit_Sync/10/repeats:10/process_time/real_time",36102,19790.5,19788.6,ns,,,,,,13.9963,1916.7
"BM_PubSub_Emit_Sync/10/repeats:10/process_time/real_time",36102,19536.5,19535.4,ns,,,,,,14.1782,1908.4
"BM_PubSub_Emit_Sync/10/repeats:10/process_time/real_time",36102,19497,19496.3,ns,,,,,,14.2069,1904.2
"BM_PubSub_Emit_Sync/10/repeats:10/process_time/real_time",36102,19489.5,19487.5,ns,,,,,,14.2124,1912.5
"BM_PubSub_Emit_Sync/10/repeats:10/process_time/real_time",36102,19448.9,19444.7,ns,,,,,,14.2421,1916.6
"BM_PubSub_Emit_Sync/10/repeats:10/process_time/real_time_mean",10,19535.8,19533.9,ns,,,,,,14.179,1919.58
"BM_PubSub_Emit_Sync/10/repeats:10/process_time/real_time_median",10,19534.6,19533.3,ns,,,,,,14.1796,1912.5
"BM_PubSub_Emit_Sync/10/repeats:10/process_time/real_time_stddev",10,99.9488,100.103,ns,,,,,,0.0719644,27.2103
"BM_PubSub_Emit_Sync/10/repeats:10/process_time/real_time_cv",10,0.00511618,0.00512457,,,,,,,0.00507541,0.0141751
"BM_PubSub_Emit_Sync/100/repeats:10/process_time/real_time",3591,194450,194414,ns,,,,,,143.211,1903.33
"BM_PubSub_Emit_Sync/100/repeats:10/process_time/real_time",3591,193229,193217,ns,,,,,,144.116,1903.75
"BM_PubSub_Emit_Sync/100/repeats:10/process_time/real_time",3591,198553,198535,ns,,,,,,140.251,1902.08
"BM_PubSub_Emit_Sync/100/repeats:10/process_time/real_time",3591,193790,193774,ns,,,,,,143.699,1904.17
"BM_PubSub_Emit_Sync/100/repeats:10/process_time/real_time",3591,192920,192905,ns,,,,,,144.347,1905
"BM_PubSub_Emit_Sync/100/repeats:10/process_time/real_time",3591,193505,193502,ns,,,,,,143.91,1907.08
"BM_PubSub_Emit_Sync/100/repeats:10/process_time/real_time",3591,202469,202441,ns,,,,,,137.539,1915.83
"BM_PubSub_Emit_Sync/100/repeats:10/process_time/real_time",3591,193671,193641,ns,,,,,,143.787,1980.41
"BM_PubSub_Emit_Sync/100/repeats:10/process_time/real_time",3591,193651,193646,ns,,,,,,143.802,1903.34
"BM_PubSub_Emit_Sync/100/repeats:10/process_time/real_time",3591,193478,193462,ns,,,,,,143.93,1902.5
"BM_PubSub_Emit_Sync/100/repeats:10/process_time/real_time_mean",10,194972,194954,ns,,,,,,142.859,1912.75
"BM_PubSub_Emit_Sync/100/repeats:10/process_time/real_time_median",10,193661,193644,ns,,,,,,143.794,1903.96
"BM_PubSub_Emit_Sync/100/repeats:10/process_time/real_time_stddev",10,3086.95,3083.01,ns,,,,,,2.20415,24.1071
"BM_PubSub_Emit_Sync/100/repeats:10/process_time/real_time_cv",10,0.0158328,0.0158141,,,,,,,0.0154288,0.0126034
"BM_PubSub_Emit_Sync/500/repeats:10/process_time/real_time",723,968301,968045,ns,,,,,,714.203,1917.33
"BM_PubSub_Emit_Sync/500/repeats:10/process_time/real_time",723,961473,961449,ns,,,,,,719.274,1920.33
"BM_PubSub_Emit_Sync/500/repeats:10/process_time/real_time",723,960841,960796,ns,,,,,,719.748,1925.17
"BM_PubSub_Emit_Sync/500/repeats:10/process_time/real_time",723,969085,968854,ns,,,,,,713.624,1918.17
"BM_PubSub_Emit_Sync/500/repeats:10/process_time/real_time",723,964927,964756,ns,,,,,,716.7,1930.33
"BM_PubSub_Emit_Sync/500/repeats:10/process_time/real_time",723,973894,973790,ns,,,,,,710.101,1918
"BM_PubSub_Emit_Sync/500/repeats:10/process_time/real_time",723,963307,963232,ns,,,,,,717.905,1918.42
"BM_PubSub_Emit_Sync/500/repeats:10/process_time/real_time",723,963272,963193,ns,,,,,,717.931,1924.08
"BM_PubSub_Emit_Sync/500/repeats:10/process_time/real_time",723,996576,996521,ns,,,,,,693.939,1920.42
"BM_PubSub_Emit_Sync/500/repeats:10/process_time/real_time",723,975498,975467,ns,,,,,,708.933,1917.58
"BM_PubSub_Emit_Sync/500/repeats:10/process_time/real_time_mean",10,969717,969610,ns,,,,,,713.236,1920.98
"BM_PubSub_Emit_Sync/500/repeats:10/process_time/real_time_median",10,966614,966401,ns,,,,,,715.451,1919.38
"BM_PubSub_Emit_Sync/500/repeats:10/process_time/real_time_stddev",10,10682.1,10691.1,ns,,,,,,7.72076,4.26356
"BM_PubSub_Emit_Sync/500/repeats:10/process_time/real_time_cv",10,0.0110157,0.0110262,,,,,,,0.010825,0.00221947
"BM_PubSub_Emit_Sync/1000/repeats:10/process_time/real_time",362,1.9998e+06,1.99918e+06,ns,,,,,,1381.35,1950.88
"BM_PubSub_Emit_Sync/1000/repeats:10/process_time/real_time",362,1.93318e+06,1.9329e+06,ns,,,,,,1428.96,1960.17
"BM_PubSub_Emit_Sync/1000/repeats:10/process_time/real_time",362,1.93092e+06,1.9309e+06,ns,,,,,,1430.63,1937.75
"BM_PubSub_Emit_Sync/1000/repeats:10/process_time/real_time",362,1.98719e+06,1.98709e+06,ns,,,,,,1390.12,2063.67
"BM_PubSub_Emit_Sync/1000/repeats:10/process_time/real_time",362,1.93355e+06,1.93339e+06,ns,,,,,,1428.69,1920.54
"BM_PubSub_Emit_Sync/1000/repeats:10/process_time/real_time",362,1.93111e+06,1.9311e+06,ns,,,,,,1430.49,1919.08
"BM_PubSub_Emit_Sync/1000/repeats:10/process_time/real_time",362,1.93279e+06,1.93273e+06,ns,,,,,,1429.25,1950.67
"BM_PubSub_Emit_Sync/1000/repeats:10/process_time/real_time",362,1.93137e+06,1.93094e+06,ns,,,,,,1430.3,1933.29
"BM_PubSub_Emit_Sync/1000/repeats:10/process_time/real_time",362,1.93263e+06,1.93244e+06,ns,,,,,,1429.36,1954.42
"BM_PubSub_Emit_Sync/1000/repeats:10/process_time/real_time",362,1.93301e+06,1.93295e+06,ns,,,,,,1429.08,2025.17
"BM_PubSub_Emit_Sync/1000/repeats:10/process_time/real_time_mean",10,1.94456e+06,1.94436e+06,ns,,,,,,1420.82,1961.56
"BM_PubSub_Emit_Sync/1000/repeats:10/process_time/real_time_median",10,1.9329e+06,1.93282e+06,ns,,,,,,1429.16,1950.77
"BM_PubSub_Emit_Sync/1000/repeats:10/process_time/real_time_stddev",10,25981.5,25878.9,ns,,,,,,18.6198,46.6787
"BM_PubSub_Emit_Sync/1000/repeats:10/process_time/real_time_cv",10,0.0133612,0.0133097,,,,,,,0.0131049,0.0237967
"BM_PubSub_Emit_Sync/repeats:10/process_time/real_time_BigO",,1943.58,1943.38,N,,,,,,,
"BM_PubSub_Emit_Sync/repeats:10/process_time/real_time_RMS",,1.92234e-11,1.91643e-11,,,,,,,,
"BM_PubSub_Emit_StdAsync_NoWait/1/repeats:10/process_time/real_time",2540884,280.096,280.068,ns,,,,,,1.4051,167
"BM_PubSub_Emit_StdAsync_NoWait/1/repeats:10/process_time/real_time",2540884,274.188,274.174,ns,,,,,,1.43538,167
"BM_PubSub_Emit_StdAsync_NoWait/1/repeats:10/process_time/real_time",2540884,273.198,273.192,ns,,,,,,1.44058,209
"BM_PubSub_Emit_StdAsync_NoWait/1/repeats:10/process_time/real_time",2540884,273.431,273.417,ns,,,,,,1.43935,209
"BM_PubSub_Emit_StdAsync_NoWait/1/repeats:10/process_time/real_time",2540884,273.641,273.592,ns,,,,,,1.43825,209
"BM_PubSub_Emit_StdAsync_NoWait/1/repeats:10/process_time/real_time",2540884,274.265,273.809,ns,,,,,,1.43497,250
"BM_PubSub_Emit_StdAsync_NoWait/1/repeats:10/process_time/real_time",2540884,272.956,272.953,ns,,,,,,1.44186,208
"BM_PubSub_Emit_StdAsync_NoWait/1/repeats:10/process_time/real_time",2540884,282.059,282.05,ns,,,,,,1.39532,167
"BM_PubSub_Emit_StdAsync_NoWait/1/repeats:10/process_time/real_time",2540884,273.439,273.429,ns,,,,,,1.43931,167
"BM_PubSub_Emit_StdAsync_NoWait/1/repeats:10/process_time/real_time",2540884,272.919,272.915,ns,,,,,,1.44205,166
"BM_PubSub_Emit_StdAsync_NoWait/1/repeats:10/process_time/real_time_mean",10,275.019,274.96,ns,,,,,,1.43122,191.9
"BM_PubSub_Emit_StdAsync_NoWait/1/repeats:10/process_time/real_time_median",10,273.54,273.511,ns,,,,,,1.43878,187.5
"BM_PubSub_Emit_StdAsync_NoWait/1/repeats:10/process_time/real_time_stddev",10,3.25743,3.26991,ns,,,,,,0.0166707,29.1793
"BM_PubSub_Emit_StdAsync_NoWait/1/repeats:10/process_time/real_time_cv",10,0.0118444,0.0118923,,,,,,,0.0116479,0.152055
"BM_PubSub_Emit_StdAsync_NoWait/10/repeats:10/process_time/real_time",559605,1279.39,1279.35,ns,,,,,,13.9674,112.5
"BM_PubSub_Emit_StdAsync_NoWait/10/repeats:10/process_time/real_time",559605,1257.83,1257.64,ns,,,,,,14.2068,112.5
"BM_PubSub_Emit_StdAsync_NoWait/10/repeats:10/process_time/real_time",559605,1223.56,1223.53,ns,,,,,,14.6047,112.5
"BM_PubSub_Emit_StdAsync_NoWait/10/repeats:10/process_time/real_time",559605,1222.56,1222.52,ns,,,,,,14.6167,108.3
"BM_PubSub_Emit_StdAsync_NoWait/10/repeats:10/process_time/real_time",559605,1229.35,1229.27,ns,,,,,,14.536,112.5
"BM_PubSub_Emit_StdAsync_NoWait/10/repeats:10/process_time/real_time",559605,1230.94,1230.85,ns,,,,,,14.5172,108.3
"BM_PubSub_Emit_StdAsync_NoWait/10/repeats:10/process_time/real_time",559605,1223.3,1223.22,ns,,,,,,14.6079,112.5
"BM_PubSub_Emit_StdAsync_NoWait/10/repeats:10/process_time/real_time",559605,1223.75,1223.68,ns,,,,,,14.6024,108.3
"BM_PubSub_Emit_StdAsync_NoWait/10/repeats:10/process_time/real_time",559605,1269.18,1269.11,ns,,,,,,14.0798,112.5
"BM_PubSub_Emit_StdAsync_NoWait/10/repeats:10/process_time/real_time",559605,1226.22,1226.15,ns,,,,,,14.573,112.5
"BM_PubSub_Emit_StdAsync_NoWait/10/repeats:10/process_time/real_time_mean",10,1238.61,1238.53,ns,,,,,,14.4312,111.24
"BM_PubSub_Emit_StdAsync_NoWait/10/repeats:10/process_time/real_time_median",10,1227.78,1227.71,ns,,,,,,14.5545,112.5
"BM_PubSub_Emit_StdAsync_NoWait/10/repeats:10/process_time/real_time_stddev",10,21.6143,21.6046,ns,,,,,,0.24777,2.02879
"BM_PubSub_Emit_StdAsync_NoWait/10/repeats:10/process_time/real_time_cv",10,0.0174505,0.0174437,,,,,,,0.0171691,0.018238
"BM_PubSub_Emit_StdAsync_NoWait/100/repeats:10/process_time/real_time",43499,16771.9,16770.7,ns,,,,,,137.069,157.5
"BM_PubSub_Emit_StdAsync_NoWait/100/repeats:10/process_time/real_time",43499,17094.2,17092,ns,,,,,,134.484,156.67
"BM_PubSub_Emit_StdAsync_NoWait/100/repeats:10/process_time/real_time",43499,16013.6,16013.3,ns,,,,,,143.56,155.41
"BM_PubSub_Emit_StdAsync_NoWait/100/repeats:10/process_time/real_time",43499,15991,15990,ns,,,,,,143.762,156.67
"BM_PubSub_Emit_StdAsync_NoWait/100/repeats:10/process_time/real_time",43499,16043.8,16041.6,ns,,,,,,143.289,157.5
"BM_PubSub_Emit_StdAsync_NoWait/100/repeats:10/process_time/real_time",43499,17037.8,17037,ns,,,,,,134.93,157.08
"BM_PubSub_Emit_StdAsync_NoWait/100/repeats:10/process_time/real_time",43499,16082,16081.4,ns,,,,,,142.949,157.5
"BM_PubSub_Emit_StdAsync_NoWait/100/repeats:10/process_time/real_time",43499,15870.1,15869.4,ns,,,,,,144.858,155.42
"BM_PubSub_Emit_StdAsync_NoWait/100/repeats:10/process_time/real_time",43499,16047.9,16047.3,ns,,,,,,143.252,157.91
"BM_PubSub_Emit_StdAsync_NoWait/100/repeats:10/process_time/real_time",43499,16118.8,16118.5,ns,,,,,,142.623,159.17
"BM_PubSub_Emit_StdAsync_NoWait/100/repeats:10/process_time/real_time_mean",10,16307.1,16306.1,ns,,,,,,141.077,157.083
"BM_PubSub_Emit_StdAsync_NoWait/100/repeats:10/process_time/real_time_median",10,16065,16064.4,ns,,,,,,143.101,157.29
"BM_PubSub_Emit_StdAsync_NoWait/100/repeats:10/process_time/real_time_stddev",10,467.766,467.444,ns,,,,,,3.95124,1.12876
"BM_PubSub_Emit_StdAsync_NoWait/100/repeats:10/process_time/real_time_cv",10,0.0286848,0.0286667,,,,,,,0.0280076,0.00718573
"BM_PubSub_Emit_StdAsync_NoWait/500/repeats:10/process_time/real_time",8744,80499.2,80482.7,ns,,,,,,710.343,155.25
"BM_PubSub_Emit_StdAsync_NoWait/500/repeats:10/process_time/real_time",8744,79163.1,79153.1,ns,,,,,,722.332,155.418
"BM_PubSub_Emit_StdAsync_NoWait/500/repeats:10/process_time/real_time",8744,78936.9,78931.8,ns,,,,,,724.402,155.084
"BM_PubSub_Emit_StdAsync_NoWait/500/repeats:10/process_time/real_time",8744,79223.7,79207,ns,,,,,,721.78,155.334
"BM_PubSub_Emit_StdAsync_NoWait/500/repeats:10/process_time/real_time",8744,79210.2,79207.6,ns,,,,,,721.902,155.334
"BM_PubSub_Emit_StdAsync_NoWait/500/repeats:10/process_time/real_time",8744,81832.1,81829.5,ns,,,,,,698.773,156
"BM_PubSub_Emit_StdAsync_NoWait/500/repeats:10/process_time/real_time",8744,79314.1,79306.5,ns,,,,,,720.958,155.5
"BM_PubSub_Emit_StdAsync_NoWait/500/repeats:10/process_time/real_time",8744,79358.4,79356.3,ns,,,,,,720.554,155.332
"BM_PubSub_Emit_StdAsync_NoWait/500/repeats:10/process_time/real_time",8744,79035.9,79033.8,ns,,,,,,723.495,155.416
"BM_PubSub_Emit_StdAsync_NoWait/500/repeats:10/process_time/real_time",8744,78826.5,78825,ns,,,,,,725.417,155.168
"BM_PubSub_Emit_StdAsync_NoWait/500/repeats:10/process_time/real_time_mean",10,79540,79533.3,ns,,,,,,718.996,155.384
"BM_PubSub_Emit_StdAsync_NoWait/500/repeats:10/process_time/real_time_median",10,79217,79207.3,ns,,,,,,721.841,155.334
"BM_PubSub_Emit_StdAsync_NoWait/500/repeats:10/process_time/real_time_stddev",10,927.093,926.553,ns,,,,,,8.2201,0.248866
"BM_PubSub_Emit_StdAsync_NoWait/500/repeats:10/process_time/real_time_cv",10,0.0116557,0.0116499,,,,,,,0.0114328,0.00160162
"BM_PubSub_Emit_StdAsync_NoWait/1000/repeats:10/process_time/real_time",4383,159971,159963,ns,,,,,,1426.22,156.959
"BM_PubSub_Emit_StdAsync_NoWait/1000/repeats:10/process_time/real_time",4383,159570,159563,ns,,,,,,1429.81,160.458
"BM_PubSub_Emit_StdAsync_NoWait/1000/repeats:10/process_time/real_time",4383,159428,159427,ns,,,,,,1431.08,180.375
"BM_PubSub_Emit_StdAsync_NoWait/1000/repeats:10/process_time/real_time",4383,159234,159225,ns,,,,,,1432.82,156.125
"BM_PubSub_Emit_StdAsync_NoWait/1000/repeats:10/process_time/real_time",4383,159417,159397,ns,,,,,,1431.18,156.584
"BM_PubSub_Emit_StdAsync_NoWait/1000/repeats:10/process_time/real_time",4383,160131,160128,ns,,,,,,1424.79,156.125
"BM_PubSub_Emit_StdAsync_NoWait/1000/repeats:10/process_time/real_time",4383,165544,165517,ns,,,,,,1378.21,156.667
"BM_PubSub_Emit_StdAsync_NoWait/1000/repeats:10/process_time/real_time",4383,158674,158660,ns,,,,,,1437.88,155.584
"BM_PubSub_Emit_StdAsync_NoWait/1000/repeats:10/process_time/real_time",4383,162377,162374,ns,,,,,,1405.09,167.875
"BM_PubSub_Emit_StdAsync_NoWait/1000/repeats:10/process_time/real_time",4383,166369,166362,ns,,,,,,1371.38,155.791
"BM_PubSub_Emit_StdAsync_NoWait/1000/repeats:10/process_time/real_time_mean",10,161072,161062,ns,,,,,,1416.85,160.254
"BM_PubSub_Emit_StdAsync_NoWait/1000/repeats:10/process_time/real_time_median",10,159771,159763,ns,,,,,,1428.01,156.625
"BM_PubSub_Emit_StdAsync_NoWait/1000/repeats:10/process_time/real_time_stddev",10,2762.39,2760.38,ns,,,,,,23.8585,7.99995
"BM_PubSub_Emit_StdAsync_NoWait/1000/repeats:10/process_time/real_time_cv",10,0.0171501,0.0171387,,,,,,,0.0168392,0.0499204
"BM_PubSub_Emit_StdAsync_NoWait/repeats:10/process_time/real_time_BigO",,160.689,160.679,N,,,,,,,
"BM_PubSub_Emit_StdAsync_NoWait/repeats:10/process_time/real_time_RMS",,2.5722e-11,2.57117e-11,,,,,,,,
"BM_PubSub_Emit_StdExec_seq/1/repeats:10/process_time/real_time",325546,2104.37,2104.26,ns,,,,,,1.45971,2000
"BM_PubSub_Emit_StdExec_seq/1/repeats:10/process_time/real_time",325546,2115.28,2114.93,ns,,,,,,1.45218,1958
"BM_PubSub_Emit_StdExec_seq/1/repeats:10/process_time/real_time",325546,2122.1,2121.96,ns,,,,,,1.44751,1958
"BM_PubSub_Emit_StdExec_seq/1/repeats:10/process_time/real_time",325546,2095.5,2095.38,ns,,,,,,1.46588,2000
"BM_PubSub_Emit_StdExec_seq/1/repeats:10/process_time/real_time",325546,2102.64,2102.29,ns,,,,,,1.46091,2000
"BM_PubSub_Emit_StdExec_seq/1/repeats:10/process_time/real_time",325546,2095.49,2095.33,ns,,,,,,1.46589,1958
"BM_PubSub_Emit_StdExec_seq/1/repeats:10/process_time/real_time",325546,2103.99,2103.88,ns,,,,,,1.45997,2000
"BM_PubSub_Emit_StdExec_seq/1/repeats:10/process_time/real_time",325546,2232.47,2232.31,ns,,,,,,1.37595,1958
"BM_PubSub_Emit_StdExec_seq/1/repeats:10/process_time/real_time",325546,2111.46,2111.32,ns,,,,,,1.4548,2041
"BM_PubSub_Emit_StdExec_seq/1/repeats:10/process_time/real_time",325546,2185.49,2185.33,ns,,,,,,1.40553,2000
"BM_PubSub_Emit_StdExec_seq/1/repeats:10/process_time/real_time_mean",10,2126.88,2126.7,ns,,,,,,1.44483,1987.3
"BM_PubSub_Emit_StdExec_seq/1/repeats:10/process_time/real_time_median",10,2107.91,2107.79,ns,,,,,,1.45726,2000
"BM_PubSub_Emit_StdExec_seq/1/repeats:10/process_time/real_time_stddev",10,45.4211,45.4285,ns,,,,,,0.0299001,28.1348
"BM_PubSub_Emit_StdExec_seq/1/repeats:10/process_time/real_time_cv",10,0.0213557,0.021361,,,,,,,0.0206945,0.0141573
"BM_PubSub_Emit_StdExec_seq/10/repeats:10/process_time/real_time",35218,20013.6,20010.7,ns,,,,,,14.1877,1912.5
"BM_PubSub_Emit_StdExec_seq/10/repeats:10/process_time/real_time",35218,20767.4,20764,ns,,,,,,13.6726,1920.9
"BM_PubSub_Emit_StdExec_seq/10/repeats:10/process_time/real_time",35218,19444.2,19443.7,ns,,,,,,14.6031,1904.2
"BM_PubSub_Emit_StdExec_seq/10/repeats:10/process_time/real_time",35218,19523.2,19522.4,ns,,,,,,14.544,6137.5
"BM_PubSub_Emit_StdExec_seq/10/repeats:10/process_time/real_time",35218,19490.4,19488.9,ns,,,,,,14.5685,1908.4
"BM_PubSub_Emit_StdExec_seq/10/repeats:10/process_time/real_time",35218,19502.6,19502,ns,,,,,,14.5594,2650
"BM_PubSub_Emit_StdExec_seq/10/repeats:10/process_time/real_time",35218,19566.7,19565.2,ns,,,,,,14.5117,1904.1
"BM_PubSub_Emit_StdExec_seq/10/repeats:10/process_time/real_time",35218,19515.8,19511.6,ns,,,,,,14.5495,1912.5
"BM_PubSub_Emit_StdExec_seq/10/repeats:10/process_time/real_time",35218,19478,19476.5,ns,,,,,,14.5778,1912.5
"BM_PubSub_Emit_StdExec_seq/10/repeats:10/process_time/real_time",35218,20122.9,20111.9,ns,,,,,,14.1106,1912.5
"BM_PubSub_Emit_StdExec_seq/10/repeats:10/process_time/real_time_mean",10,19742.5,19739.7,ns,,,,,,14.3885,2407.51
"BM_PubSub_Emit_StdExec_seq/10/repeats:10/process_time/real_time_median",10,19519.5,19517,ns,,,,,,14.5468,1912.5
"BM_PubSub_Emit_StdExec_seq/10/repeats:10/process_time/real_time_stddev",10,431.938,430.397,ns,,,,,,0.305287,1331.02
"BM_PubSub_Emit_StdExec_seq/10/repeats:10/process_time/real_time_cv",10,0.0218786,0.0218036,,,,,,,0.0212174,0.55286
"BM_PubSub_Emit_StdExec_seq/100/repeats:10/process_time/real_time",3578,195588,195572,ns,,,,,,142.895,1978.75
"BM_PubSub_Emit_StdExec_seq/100/repeats:10/process_time/real_time",3578,193292,193280,ns,,,,,,144.592,2329.17
"BM_PubSub_Emit_StdExec_seq/100/repeats:10/process_time/real_time",3578,193299,193270,ns,,,,,,144.587,2407.92
"BM_PubSub_Emit_StdExec_seq/100/repeats:10/process_time/real_time",3578,193486,193477,ns,,,,,,144.448,1903.33
"BM_PubSub_Emit_StdExec_seq/100/repeats:10/process_time/real_time",3578,193650,193636,ns,,,,,,144.325,1912.5
"BM_PubSub_Emit_StdExec_seq/100/repeats:10/process_time/real_time",3578,194814,194790,ns,,,,,,143.463,1902.92
"BM_PubSub_Emit_StdExec_seq/100/repeats:10/process_time/real_time",3578,193713,193697,ns,,,,,,144.278,1904.58
"BM_PubSub_Emit_StdExec_seq/100/repeats:10/process_time/real_time",3578,199855,199846,ns,,,,,,139.844,2697.08
"BM_PubSub_Emit_StdExec_seq/100/repeats:10/process_time/real_time",3578,193595,193584,ns,,,,,,144.366,1904.58
"BM_PubSub_Emit_StdExec_seq/100/repeats:10/process_time/real_time",3578,197976,197971,ns,,,,,,141.171,1901.66
"BM_PubSub_Emit_StdExec_seq/100/repeats:10/process_time/real_time_mean",10,194927,194912,ns,,,,,,143.397,2084.25
"BM_PubSub_Emit_StdExec_seq/100/repeats:10/process_time/real_time_median",10,193682,193667,ns,,,,,,144.302,1908.54
"BM_PubSub_Emit_StdExec_seq/100/repeats:10/process_time/real_time_stddev",10,2268.49,2271.31,ns,,,,,,1.6452,287.605
"BM_PubSub_Emit_StdExec_seq/100/repeats:10/process_time/real_time_cv",10,0.0116376,0.011653,,,,,,,0.011473,0.13799
"BM_PubSub_Emit_StdExec_seq/500/repeats:10/process_time/real_time",726,966232,966157,ns,,,,,,712.774,1917.5
"BM_PubSub_Emit_StdExec_seq/500/repeats:10/process_time/real_time",726,965170,965122,ns,,,,,,713.559,1937
"BM_PubSub_Emit_StdExec_seq/500/repeats:10/process_time/real_time",726,963277,963249,ns,,,,,,714.961,1941.67
"BM_PubSub_Emit_StdExec_seq/500/repeats:10/process_time/real_time",726,966251,966202,ns,,,,,,712.76,1980.25
"BM_PubSub_Emit_StdExec_seq/500/repeats:10/process_time/real_time",726,963474,963421,ns,,,,,,714.814,1917.25
"BM_PubSub_Emit_StdExec_seq/500/repeats:10/process_time/real_time",726,968379,968343,ns,,,,,,711.194,1917.33
"BM_PubSub_Emit_StdExec_seq/500/repeats:10/process_time/real_time",726,963987,963939,ns,,,,,,714.434,1925.25
"BM_PubSub_Emit_StdExec_seq/500/repeats:10/process_time/real_time",726,963194,963137,ns,,,,,,715.022,1921.67
"BM_PubSub_Emit_StdExec_seq/500/repeats:10/process_time/real_time",726,992117,992061,ns,,,,,,694.177,1918.33
"BM_PubSub_Emit_StdExec_seq/500/repeats:10/process_time/real_time",726,965683,965624,ns,,,,,,713.18,1934.5
"BM_PubSub_Emit_StdExec_seq/500/repeats:10/process_time/real_time_mean",10,967776,967726,ns,,,,,,711.688,1931.08
"BM_PubSub_Emit_StdExec_seq/500/repeats:10/process_time/real_time_median",10,965426,965373,ns,,,,,,713.369,1923.46
"BM_PubSub_Emit_StdExec_seq/500/repeats:10/process_time/real_time_stddev",10,8710.43,8708.33,ns,,,,,,6.27224,19.5113
"BM_PubSub_Emit_StdExec_seq/500/repeats:10/process_time/real_time_cv",10,0.00900046,0.00899876,,,,,,,0.0088132,0.0101038
"BM_PubSub_Emit_StdExec_seq/1000/repeats:10/process_time/real_time",358,1.9438e+06,1.94075e+06,ns,,,,,,1437.02,1938.08
"BM_PubSub_Emit_StdExec_seq/1000/repeats:10/process_time/real_time",358,1.92927e+06,1.92914e+06,ns,,,,,,1447.85,1922.04
"BM_PubSub_Emit_StdExec_seq/1000/repeats:10/process_time/real_time",358,1.93092e+06,1.93086e+06,ns,,,,,,1446.61,1911.92
"BM_PubSub_Emit_StdExec_seq/1000/repeats:10/process_time/real_time",358,1.92939e+06,1.92924e+06,ns,,,,,,1447.76,1918.46
"BM_PubSub_Emit_StdExec_seq/1000/repeats:10/process_time/real_time",358,1.92484e+06,1.9247e+06,ns,,,,,,1451.18,1917.29
"BM_PubSub_Emit_StdExec_seq/1000/repeats:10/process_time/real_time",358,1.92569e+06,1.9257e+06,ns,,,,,,1450.54,1921.08
"BM_PubSub_Emit_StdExec_seq/1000/repeats:10/process_time/real_time",358,1.9307e+06,1.93046e+06,ns,,,,,,1446.78,1931.62
"BM_PubSub_Emit_StdExec_seq/1000/repeats:10/process_time/real_time",358,1.98001e+06,1.97987e+06,ns,,,,,,1410.75,1917.46
"BM_PubSub_Emit_StdExec_seq/1000/repeats:10/process_time/real_time",358,1.92778e+06,1.92776e+06,ns,,,,,,1448.97,1920.71
"BM_PubSub_Emit_StdExec_seq/1000/repeats:10/process_time/real_time",358,1.9294e+06,1.92926e+06,ns,,,,,,1447.75,1922.29
"BM_PubSub_Emit_StdExec_seq/1000/repeats:10/process_time/real_time_mean",10,1.93518e+06,1.93477e+06,ns,,,,,,1443.52,1922.1
"BM_PubSub_Emit_StdExec_seq/1000/repeats:10/process_time/real_time_median",10,1.92939e+06,1.92925e+06,ns,,,,,,1447.76,1920.9
"BM_PubSub_Emit_StdExec_seq/1000/repeats:10/process_time/real_time_stddev",10,16585.2,16427,ns,,,,,,12.1501,7.53404
"BM_PubSub_Emit_StdExec_seq/1000/repeats:10/process_time/real_time_cv",10,0.00857037,0.00849043,,,,,,,0.00841697,0.0039197
"BM_PubSub_Emit_StdExec_seq/repeats:10/process_time/real_time_BigO",,1935.37,1935.02,N,,,,,,,
"BM_PubSub_Emit_StdExec_seq/repeats:10/process_time/real_time_RMS",,1.28777e-11,1.27876e-11,,,,,,,,
"BM_PubSub_Emit_StdExec_par/1/repeats:10/process_time/real_time",334321,2097.08,2096.87,ns,,,,,,1.42633,2000
"BM_PubSub_Emit_StdExec_par/1/repeats:10/process_time/real_time",334321,2096.83,2096.74,ns,,,,,,1.4265,2000
"BM_PubSub_Emit_StdExec_par/1/repeats:10/process_time/real_time",334321,2094.21,2094.15,ns,,,,,,1.42829,2000
"BM_PubSub_Emit_StdExec_par/1/repeats:10/process_time/real_time",334321,2179.3,2179.16,ns,,,,,,1.37252,2000
"BM_PubSub_Emit_StdExec_par/1/repeats:10/process_time/real_time",334321,2133.79,2133.1,ns,,,,,,1.4018,1959
"BM_PubSub_Emit_StdExec_par/1/repeats:10/process_time/real_time",334321,2261.53,2261.35,ns,,,,,,1.32262,2000
"BM_PubSub_Emit_StdExec_par/1/repeats:10/process_time/real_time",334321,2329.79,2329.5,ns,,,,,,1.28387,2000
"BM_PubSub_Emit_StdExec_par/1/repeats:10/process_time/real_time",334321,2143.37,2143.15,ns,,,,,,1.39553,2000
"BM_PubSub_Emit_StdExec_par/1/repeats:10/process_time/real_time",334321,2254.27,2253.99,ns,,,,,,1.32687,2042
"BM_PubSub_Emit_StdExec_par/1/repeats:10/process_time/real_time",334321,2207.08,2206.69,ns,,,,,,1.35525,2000
"BM_PubSub_Emit_StdExec_par/1/repeats:10/process_time/real_time_mean",10,2179.73,2179.47,ns,,,,,,1.37396,2000.1
"BM_PubSub_Emit_StdExec_par/1/repeats:10/process_time/real_time_median",10,2161.34,2161.16,ns,,,,,,1.38403,2000
"BM_PubSub_Emit_StdExec_par/1/repeats:10/process_time/real_time_stddev",10,81.6244,81.5985,ns,,,,,,0.0505721,19.5644
"BM_PubSub_Emit_StdExec_par/1/repeats:10/process_time/real_time_cv",10,0.0374471,0.0374396,,,,,,,0.0368076,0.00978172
"BM_PubSub_Emit_StdExec_par/10/repeats:10/process_time/real_time",31355,19628.1,19627.5,ns,,,,,,16.2486,1912.5
"BM_PubSub_Emit_StdExec_par/10/repeats:10/process_time/real_time",31355,20413.6,20411.3,ns,,,,,,15.6233,1908.3
"BM_PubSub_Emit_StdExec_par/10/repeats:10/process_time/real_time",31355,19696.6,19695.3,ns,,,,,,16.1921,1904.1
"BM_PubSub_Emit_StdExec_par/10/repeats:10/process_time/real_time",31355,20885.8,20883.1,ns,,,,,,15.2701,1912.5
"BM_PubSub_Emit_StdExec_par/10/repeats:10/process_time/real_time",31355,20840.5,20838.6,ns,,,,,,15.3033,1908.4
"BM_PubSub_Emit_StdExec_par/10/repeats:10/process_time/real_time",31355,20660.8,20658.8,ns,,,,,,15.4364,1920.8
"BM_PubSub_Emit_StdExec_par/10/repeats:10/process_time/real_time",31355,20665.1,20662.9,ns,,,,,,15.4332,1912.5
"BM_PubSub_Emit_StdExec_par/10/repeats:10/process_time/real_time",31355,20021.7,20019.2,ns,,,,,,15.9291,1908.3
"BM_PubSub_Emit_StdExec_par/10/repeats:10/process_time/real_time",31355,20501,20500.6,ns,,,,,,15.5567,1912.5
"BM_PubSub_Emit_StdExec_par/10/repeats:10/process_time/real_time",31355,20947.7,20943.9,ns,,,,,,15.225,1912.5
"BM_PubSub_Emit_StdExec_par/10/repeats:10/process_time/real_time_mean",10,20426.1,20424.1,ns,,,,,,15.6218,1911.24
"BM_PubSub_Emit_StdExec_par/10/repeats:10/process_time/real_time_median",10,20580.9,20579.7,ns,,,,,,15.4966,1912.5
"BM_PubSub_Emit_StdExec_par/10/repeats:10/process_time/real_time_stddev",10,483.692,483.103,ns,,,,,,0.375539,4.41794
"BM_PubSub_Emit_StdExec_par/10/repeats:10/process_time/real_time_cv",10,0.0236801,0.0236536,,,,,,,0.0240394,0.00231156
"BM_PubSub_Emit_StdExec_par/100/repeats:10/process_time/real_time",3461,207369,207356,ns,,,,,,139.333,1908.75
"BM_PubSub_Emit_StdExec_par/100/repeats:10/process_time/real_time",3461,202581,202571,ns,,,,,,142.626,1905
"BM_PubSub_Emit_StdExec_par/100/repeats:10/process_time/real_time",3461,202181,202167,ns,,,,,,142.909,1903.75
"BM_PubSub_Emit_StdExec_par/100/repeats:10/process_time/real_time",3461,200676,200660,ns,,,,,,143.98,2051.67
"BM_PubSub_Emit_StdExec_par/100/repeats:10/process_time/real_time",3461,202422,202406,ns,,,,,,142.738,1905
"BM_PubSub_Emit_StdExec_par/100/repeats:10/process_time/real_time",3461,201350,201337,ns,,,,,,143.498,1904.16
"BM_PubSub_Emit_StdExec_par/100/repeats:10/process_time/real_time",3461,204211,204194,ns,,,,,,141.488,1904.17
"BM_PubSub_Emit_StdExec_par/100/repeats:10/process_time/real_time",3461,203311,203295,ns,,,,,,142.114,1903.33
"BM_PubSub_Emit_StdExec_par/100/repeats:10/process_time/real_time",3461,205453,205443,ns,,,,,,140.633,1978.33
"BM_PubSub_Emit_StdExec_par/100/repeats:10/process_time/real_time",3461,202531,202514,ns,,,,,,142.661,2012.09
"BM_PubSub_Emit_StdExec_par/100/repeats:10/process_time/real_time_mean",10,203209,203194,ns,,,,,,142.198,1937.62
"BM_PubSub_Emit_StdExec_par/100/repeats:10/process_time/real_time_median",10,202556,202543,ns,,,,,,142.644,1905
"BM_PubSub_Emit_StdExec_par/100/repeats:10/process_time/real_time_stddev",10,1993.21,1994.05,ns,,,,,,1.38365,55.5113
"BM_PubSub_Emit_StdExec_par/100/repeats:10/process_time/real_time_cv",10,0.00980869,0.00981352,,,,,,,0.00973047,0.0286491
"BM_PubSub_Emit_StdExec_par/500/repeats:10/process_time/real_time",712,964013,963830,ns,,,,,,728.463,1932.5
"BM_PubSub_Emit_StdExec_par/500/repeats:10/process_time/real_time",712,962782,962656,ns,,,,,,729.394,1924.5
"BM_PubSub_Emit_StdExec_par/500/repeats:10/process_time/real_time",712,973073,973060,ns,,,,,,721.68,1917.08
"BM_PubSub_Emit_StdExec_par/500/repeats:10/process_time/real_time",712,964457,964374,ns,,,,,,728.127,1918.67
"BM_PubSub_Emit_StdExec_par/500/repeats:10/process_time/real_time",712,971797,971749,ns,,,,,,722.628,2005.5
"BM_PubSub_Emit_StdExec_par/500/repeats:10/process_time/real_time",712,966814,966743,ns,,,,,,726.352,1919.08
"BM_PubSub_Emit_StdExec_par/500/repeats:10/process_time/real_time",712,968833,968746,ns,,,,,,724.839,1923.83
"BM_PubSub_Emit_StdExec_par/500/repeats:10/process_time/real_time",712,963513,963498,ns,,,,,,728.84,1919
"BM_PubSub_Emit_StdExec_par/500/repeats:10/process_time/real_time",712,962826,962806,ns,,,,,,729.361,1928.5
"BM_PubSub_Emit_StdExec_par/500/repeats:10/process_time/real_time",712,962317,962295,ns,,,,,,729.746,1918.17
"BM_PubSub_Emit_StdExec_par/500/repeats:10/process_time/real_time_mean",10,966042,965976,ns,,,,,,726.943,1930.68
"BM_PubSub_Emit_StdExec_par/500/repeats:10/process_time/real_time_median",10,964235,964102,ns,,,,,,728.295,1921.46
"BM_PubSub_Emit_StdExec_par/500/repeats:10/process_time/real_time_stddev",10,3927.26,3939.93,ns,,,,,,2.94623,26.766
"BM_PubSub_Emit_StdExec_par/500/repeats:10/process_time/real_time_cv",10,0.00406531,0.0040787,,,,,,,0.0040529,0.0138635
"BM_PubSub_Emit_StdExec_par/1000/repeats:10/process_time/real_time",363,1.95012e+06,1.95003e+06,ns,,,,,,1412.64,1919
"BM_PubSub_Emit_StdExec_par/1000/repeats:10/process_time/real_time",363,1.93026e+06,1.93009e+06,ns,,,,,,1427.18,1973.21
"BM_PubSub_Emit_StdExec_par/1000/repeats:10/process_time/real_time",363,1.93289e+06,1.9328e+06,ns,,,,,,1425.24,1917.71
"BM_PubSub_Emit_StdExec_par/1000/repeats:10/process_time/real_time",363,1.9272e+06,1.92714e+06,ns,,,,,,1429.44,1917.88
"BM_PubSub_Emit_StdExec_par/1000/repeats:10/process_time/real_time",363,1.93234e+06,1.93231e+06,ns,,,,,,1425.64,1917.42
"BM_PubSub_Emit_StdExec_par/1000/repeats:10/process_time/real_time",363,1.92912e+06,1.92906e+06,ns,,,,,,1428.02,1921.17
"BM_PubSub_Emit_StdExec_par/1000/repeats:10/process_time/real_time",363,1.92367e+06,1.9236e+06,ns,,,,,,1432.06,1917.12
"BM_PubSub_Emit_StdExec_par/1000/repeats:10/process_time/real_time",363,2.04127e+06,2.041e+06,ns,,,,,,1349.56,1917.29
"BM_PubSub_Emit_StdExec_par/1000/repeats:10/process_time/real_time",363,1.93578e+06,1.93571e+06,ns,,,,,,1423.11,1920.79
"BM_PubSub_Emit_StdExec_par/1000/repeats:10/process_time/real_time",363,1.92482e+06,1.92464e+06,ns,,,,,,1431.21,1944.92
"BM_PubSub_Emit_StdExec_par/1000/repeats:10/process_time/real_time_mean",10,1.94275e+06,1.94264e+06,ns,,,,,,1418.41,1926.65
"BM_PubSub_Emit_StdExec_par/1000/repeats:10/process_time/real_time_median",10,1.9313e+06,1.9312e+06,ns,,,,,,1426.41,1918.44
"BM_PubSub_Emit_StdExec_par/1000/repeats:10/process_time/real_time_stddev",10,35409.5,35353.5,ns,,,,,,24.8008,18.3931
"BM_PubSub_Emit_StdExec_par/1000/repeats:10/process_time/real_time_cv",10,0.0182265,0.0181987,,,,,,,0.0174849,0.00954665
"BM_PubSub_Emit_StdExec_par/repeats:10/process_time/real_time_BigO",,1941.35,1941.23,N,,,,,,,
"BM_PubSub_Emit_StdExec_par/repeats:10/process_time/real_time_RMS",,2.52504e-11,2.52174e-11,,,,,,,,
"BM_PubSub_Emit_StdExec_par_unseq/1/repeats:10/process_time/real_time",334880,2120.03,2119.79,ns,,,,,,1.40854,2000
"BM_PubSub_Emit_StdExec_par_unseq/1/repeats:10/process_time/real_time",334880,2104.51,2104.39,ns,,,,,,1.41892,2000
"BM_PubSub_Emit_StdExec_par_unseq/1/repeats:10/process_time/real_time",334880,2162.18,2162.06,ns,,,,,,1.38108,2000
"BM_PubSub_Emit_StdExec_par_unseq/1/repeats:10/process_time/real_time",334880,2096.13,2095.54,ns,,,,,,1.4246,2000
"BM_PubSub_Emit_StdExec_par_unseq/1/repeats:10/process_time/real_time",334880,2092.51,2092.42,ns,,,,,,1.42706,1959
"BM_PubSub_Emit_StdExec_par_unseq/1/repeats:10/process_time/real_time",334880,2201.89,2201.82,ns,,,,,,1.35617,2000
"BM_PubSub_Emit_StdExec_par_unseq/1/repeats:10/process_time/real_time",334880,2101.95,2101.73,ns,,,,,,1.42066,2000
"BM_PubSub_Emit_StdExec_par_unseq/1/repeats:10/process_time/real_time",334880,2108.81,2108.73,ns,,,,,,1.41603,1958
"BM_PubSub_Emit_StdExec_par_unseq/1/repeats:10/process_time/real_time",334880,2092.56,2092.43,ns,,,,,,1.42703,1958
"BM_PubSub_Emit_StdExec_par_unseq/1/repeats:10/process_time/real_time",334880,2099.54,2099.45,ns,,,,,,1.42228,2000
"BM_PubSub_Emit_StdExec_par_unseq/1/repeats:10/process_time/real_time_mean",10,2118.01,2117.84,ns,,,,,,1.41024,1987.5
"BM_PubSub_Emit_StdExec_par_unseq/1/repeats:10/process_time/real_time_median",10,2103.23,2103.06,ns,,,,,,1.41979,2000
"BM_PubSub_Emit_StdExec_par_unseq/1/repeats:10/process_time/real_time_stddev",10,35.9534,35.9971,ns,,,,,,0.0233575,20.1288
"BM_PubSub_Emit_StdExec_par_unseq/1/repeats:10/process_time/real_time_cv",10,0.0169751,0.0169971,,,,,,,0.0165628,0.0101277
"BM_PubSub_Emit_StdExec_par_unseq/10/repeats:10/process_time/real_time",36089,19540.9,19539.8,ns,,,,,,14.1802,1912.5
"BM_PubSub_Emit_StdExec_par_unseq/10/repeats:10/process_time/real_time",36089,19694.8,19691.1,ns,,,,,,14.0694,1908.4
"BM_PubSub_Emit_StdExec_par_unseq/10/repeats:10/process_time/real_time",36089,19489.6,19489.1,ns,,,,,,14.2175,1920.8
"BM_PubSub_Emit_StdExec_par_unseq/10/repeats:10/process_time/real_time",36089,19461.6,19460.6,ns,,,,,,14.2379,1912.5
"BM_PubSub_Emit_StdExec_par_unseq/10/repeats:10/process_time/real_time",36089,19532.8,19531.7,ns,,,,,,14.186,2012.5
"BM_PubSub_Emit_StdExec_par_unseq/10/repeats:10/process_time/real_time",36089,19785,19782,ns,,,,,,14.0052,1904.1
"BM_PubSub_Emit_StdExec_par_unseq/10/repeats:10/process_time/real_time",36089,19508.2,19507.7,ns,,,,,,14.2039,1904.2
"BM_PubSub_Emit_StdExec_par_unseq/10/repeats:10/process_time/real_time",36089,19608.3,19606.1,ns,,,,,,14.1314,1908.4
"BM_PubSub_Emit_StdExec_par_unseq/10/repeats:10/process_time/real_time",36089,19502.9,19499.2,ns,,,,,,14.2078,1908.3
"BM_PubSub_Emit_StdExec_par_unseq/10/repeats:10/process_time/real_time",36089,19596.5,19595.9,ns,,,,,,14.1399,1908.3
"BM_PubSub_Emit_StdExec_par_unseq/10/repeats:10/process_time/real_time_mean",10,19572.1,19570.3,ns,,,,,,14.1579,1920
"BM_PubSub_Emit_StdExec_par_unseq/10/repeats:10/process_time/real_time_median",10,19536.8,19535.8,ns,,,,,,14.1831,1908.4
"BM_PubSub_Emit_StdExec_par_unseq/10/repeats:10/process_time/real_time_stddev",10,101.479,100.764,ns,,,,,,0.0730478,32.8545
"BM_PubSub_Emit_StdExec_par_unseq/10/repeats:10/process_time/real_time_cv",10,0.00518487,0.00514882,,,,,,,0.00515951,0.0171117
"BM_PubSub_Emit_StdExec_par_unseq/100/repeats:10/process_time/real_time",3619,193700,193690,ns,,,,,,142.654,1979.17
"BM_PubSub_Emit_StdExec_par_unseq/100/repeats:10/process_time/real_time",3619,193656,193648,ns,,,,,,142.685,2275.83
"BM_PubSub_Emit_StdExec_par_unseq/100/repeats:10/process_time/real_time",3619,192719,192697,ns,,,,,,143.38,1902.92
"BM_PubSub_Emit_StdExec_par_unseq/100/repeats:10/process_time/real_time",3619,193184,193180,ns,,,,,,143.035,2047.92
"BM_PubSub_Emit_StdExec_par_unseq/100/repeats:10/process_time/real_time",3619,195102,195095,ns,,,,,,141.628,1901.66
"BM_PubSub_Emit_StdExec_par_unseq/100/repeats:10/process_time/real_time",3619,199129,199112,ns,,,,,,138.764,1902.91
"BM_PubSub_Emit_StdExec_par_unseq/100/repeats:10/process_time/real_time",3619,201341,201043,ns,,,,,,137.239,1978.75
"BM_PubSub_Emit_StdExec_par_unseq/100/repeats:10/process_time/real_time",3619,193539,193528,ns,,,,,,142.772,1902.91
"BM_PubSub_Emit_StdExec_par_unseq/100/repeats:10/process_time/real_time",3619,193677,193654,ns,,,,,,142.67,1903.75
"BM_PubSub_Emit_StdExec_par_unseq/100/repeats:10/process_time/real_time",3619,194106,194100,ns,,,,,,142.355,1938.33
"BM_PubSub_Emit_StdExec_par_unseq/100/repeats:10/process_time/real_time_mean",10,195015,194974,ns,,,,,,141.718,1973.42
"BM_PubSub_Emit_StdExec_par_unseq/100/repeats:10/process_time/real_time_median",10,193688,193672,ns,,,,,,142.662,1921.04
"BM_PubSub_Emit_StdExec_par_unseq/100/repeats:10/process_time/real_time_stddev",10,2866.57,2796.37,ns,,,,,,2.04186,117.005
"BM_PubSub_Emit_StdExec_par_unseq/100/repeats:10/process_time/real_time_cv",10,0.0146992,0.0143422,,,,,,,0.0144079,0.0592907
"BM_PubSub_Emit_StdExec_par_unseq/500/repeats:10/process_time/real_time",711,975944,975774,ns,,,,,,720.569,1918.17
"BM_PubSub_Emit_StdExec_par_unseq/500/repeats:10/process_time/real_time",711,1.00009e+06,999992,ns,,,,,,703.169,1917.92
"BM_PubSub_Emit_StdExec_par_unseq/500/repeats:10/process_time/real_time",711,967824,967653,ns,,,,,,726.614,1943.92
"BM_PubSub_Emit_StdExec_par_unseq/500/repeats:10/process_time/real_time",711,969168,969142,ns,,,,,,725.607,1917.5
"BM_PubSub_Emit_StdExec_par_unseq/500/repeats:10/process_time/real_time",711,963186,963125,ns,,,,,,730.113,1932.75
"BM_PubSub_Emit_StdExec_par_unseq/500/repeats:10/process_time/real_time",711,967038,966956,ns,,,,,,727.205,1922.92
"BM_PubSub_Emit_StdExec_par_unseq/500/repeats:10/process_time/real_time",711,966907,966872,ns,,,,,,727.303,1906
"BM_PubSub_Emit_StdExec_par_unseq/500/repeats:10/process_time/real_time",711,966261,966132,ns,,,,,,727.79,1929.92
"BM_PubSub_Emit_StdExec_par_unseq/500/repeats:10/process_time/real_time",711,1.02833e+06,1.02828e+06,ns,,,,,,683.862,2034.08
"BM_PubSub_Emit_StdExec_par_unseq/500/repeats:10/process_time/real_time",711,971571,971540,ns,,,,,,723.812,1918.25
"BM_PubSub_Emit_StdExec_par_unseq/500/repeats:10/process_time/real_time_mean",10,977632,977546,ns,,,,,,719.604,1934.14
"BM_PubSub_Emit_StdExec_par_unseq/500/repeats:10/process_time/real_time_median",10,968496,968397,ns,,,,,,726.111,1920.58
"BM_PubSub_Emit_StdExec_par_unseq/500/repeats:10/process_time/real_time_stddev",10,20675.8,20681.8,ns,,,,,,14.7043,36.6206
"BM_PubSub_Emit_StdExec_par_unseq/500/repeats:10/process_time/real_time_cv",10,0.0211488,0.0211568,,,,,,,0.0204339,0.0189338
"BM_PubSub_Emit_StdExec_par_unseq/1000/repeats:10/process_time/real_time",362,1.94193e+06,1.9417e+06,ns,,,,,,1422.52,1920.92
"BM_PubSub_Emit_StdExec_par_unseq/1000/repeats:10/process_time/real_time",362,1.92959e+06,1.92945e+06,ns,,,,,,1431.62,1921
"BM_PubSub_Emit_StdExec_par_unseq/1000/repeats:10/process_time/real_time",362,1.99723e+06,1.99708e+06,ns,,,,,,1383.13,1917.79
"BM_PubSub_Emit_StdExec_par_unseq/1000/repeats:10/process_time/real_time",362,1.92436e+06,1.92432e+06,ns,,,,,,1435.51,1924
"BM_PubSub_Emit_StdExec_par_unseq/1000/repeats:10/process_time/real_time",362,1.92843e+06,1.92836e+06,ns,,,,,,1432.48,1946
"BM_PubSub_Emit_StdExec_par_unseq/1000/repeats:10/process_time/real_time",362,1.96157e+06,1.96094e+06,ns,,,,,,1408.28,2024.71
"BM_PubSub_Emit_StdExec_par_unseq/1000/repeats:10/process_time/real_time",362,1.93324e+06,1.933e+06,ns,,,,,,1428.92,1927.54
"BM_PubSub_Emit_StdExec_par_unseq/1000/repeats:10/process_time/real_time",362,1.93997e+06,1.93981e+06,ns,,,,,,1423.95,1920.67
"BM_PubSub_Emit_StdExec_par_unseq/1000/repeats:10/process_time/real_time",362,1.99532e+06,1.99515e+06,ns,,,,,,1384.45,2046.96
"BM_PubSub_Emit_StdExec_par_unseq/1000/repeats:10/process_time/real_time",362,1.93191e+06,1.93178e+06,ns,,,,,,1429.9,1929.17
"BM_PubSub_Emit_StdExec_par_unseq/1000/repeats:10/process_time/real_time_mean",10,1.94835e+06,1.94816e+06,ns,,,,,,1418.08,1947.87
"BM_PubSub_Emit_StdExec_par_unseq/1000/repeats:10/process_time/real_time_median",10,1.9366e+06,1.93641e+06,ns,,,,,,1426.43,1925.77
"BM_PubSub_Emit_StdExec_par_unseq/1000/repeats:10/process_time/real_time_stddev",10,27294.9,27254.2,ns,,,,,,19.5898,47.3194
"BM_PubSub_Emit_StdExec_par_unseq/1000/repeats:10/process_time/real_time_cv",10,0.0140092,0.0139897,,,,,,,0.0138144,0.0242928
"BM_PubSub_Emit_StdExec_par_unseq/repeats:10/process_time/real_time_BigO",,1949.74,1949.55,N,,,,,,,
"BM_PubSub_Emit_StdExec_par_unseq/repeats:10/process_time/real_time_RMS",,2.32986e-11,2.32785e-11,,,,,,,,
"BM_PubSub_Emit_StdExec_unseq/1/repeats:10/process_time/real_time",333804,2152.97,2152.94,ns,,,,,,1.39146,1959
"BM_PubSub_Emit_StdExec_unseq/1/repeats:10/process_time/real_time",333804,2100.32,2100.08,ns,,,,,,1.42634,1959
"BM_PubSub_Emit_StdExec_unseq/1/repeats:10/process_time/real_time",333804,2151.49,2151.34,ns,,,,,,1.39242,1958
"BM_PubSub_Emit_StdExec_unseq/1/repeats:10/process_time/real_time",333804,2100.83,2100.77,ns,,,,,,1.42599,1958
"BM_PubSub_Emit_StdExec_unseq/1/repeats:10/process_time/real_time",333804,2105.81,2105.41,ns,,,,,,1.42262,2041
"BM_PubSub_Emit_StdExec_unseq/1/repeats:10/process_time/real_time",333804,2104.64,2104.44,ns,,,,,,1.42341,2000
"BM_PubSub_Emit_StdExec_unseq/1/repeats:10/process_time/real_time",333804,2099.62,2099.33,ns,,,,,,1.42682,1958
"BM_PubSub_Emit_StdExec_unseq/1/repeats:10/process_time/real_time",333804,2161.85,2161.66,ns,,,,,,1.38575,2000
"BM_PubSub_Emit_StdExec_unseq/1/repeats:10/process_time/real_time",333804,2094.3,2094.18,ns,,,,,,1.43044,2000
"BM_PubSub_Emit_StdExec_unseq/1/repeats:10/process_time/real_time",333804,2131.61,2131.5,ns,,,,,,1.4054,2083
"BM_PubSub_Emit_StdExec_unseq/1/repeats:10/process_time/real_time_mean",10,2120.34,2120.17,ns,,,,,,1.41306,1991.6
"BM_PubSub_Emit_StdExec_unseq/1/repeats:10/process_time/real_time_median",10,2105.22,2104.93,ns,,,,,,1.42302,1979.5
"BM_PubSub_Emit_StdExec_unseq/1/repeats:10/process_time/real_time_stddev",10,26.3132,26.3525,ns,,,,,,0.0174197,42.8413
"BM_PubSub_Emit_StdExec_unseq/1/repeats:10/process_time/real_time_cv",10,0.0124099,0.0124294,,,,,,,0.0123276,0.021511
"BM_PubSub_Emit_StdExec_unseq/10/repeats:10/process_time/real_time",35841,19477,19476.5,ns,,,,,,14.3251,1908.3
"BM_PubSub_Emit_StdExec_unseq/10/repeats:10/process_time/real_time",35841,19563.6,19560.5,ns,,,,,,14.2617,1912.5
"BM_PubSub_Emit_StdExec_unseq/10/repeats:10/process_time/real_time",35841,19703.4,19701.7,ns,,,,,,14.1605,1908.3
"BM_PubSub_Emit_StdExec_unseq/10/repeats:10/process_time/real_time",35841,20054.2,20053.6,ns,,,,,,13.9128,1912.5
"BM_PubSub_Emit_StdExec_unseq/10/repeats:10/process_time/real_time",35841,19530.6,19529,ns,,,,,,14.2858,1912.5
"BM_PubSub_Emit_StdExec_unseq/10/repeats:10/process_time/real_time",35841,19645.5,19644.4,ns,,,,,,14.2023,1904.1
"BM_PubSub_Emit_StdExec_unseq/10/repeats:10/process_time/real_time",35841,19442.4,19440.5,ns,,,,,,14.3506,1929.2
"BM_PubSub_Emit_StdExec_unseq/10/repeats:10/process_time/real_time",35841,19428.6,19427.8,ns,,,,,,14.3608,1904.2
"BM_PubSub_Emit_StdExec_unseq/10/repeats:10/process_time/real_time",35841,19968.4,19965.8,ns,,,,,,13.9726,1904.2
"BM_PubSub_Emit_StdExec_unseq/10/repeats:10/process_time/real_time",35841,19483.1,19482,ns,,,,,,14.3206,1908.4
"BM_PubSub_Emit_StdExec_unseq/10/repeats:10/process_time/real_time_mean",10,19629.7,19628.2,ns,,,,,,14.2153,1910.42
"BM_PubSub_Emit_StdExec_unseq/10/repeats:10/process_time/real_time_median",10,19547.1,19544.7,ns,,,,,,14.2737,1908.35
"BM_PubSub_Emit_StdExec_unseq/10/repeats:10/process_time/real_time_stddev",10,219.876,219.802,ns,,,,,,0.157527,7.4241
"BM_PubSub_Emit_StdExec_unseq/10/repeats:10/process_time/real_time_cv",10,0.0112012,0.0111983,,,,,,,0.0110815,0.00388611
"BM_PubSub_Emit_StdExec_unseq/100/repeats:10/process_time/real_time",3625,193216,193205,ns,,,,,,142.774,1906.67
"BM_PubSub_Emit_StdExec_unseq/100/repeats:10/process_time/real_time",3625,193731,193721,ns,,,,,,142.395,1902.5
"BM_PubSub_Emit_StdExec_unseq/100/repeats:10/process_time/real_time",3625,202037,201998,ns,,,,,,136.541,1904.17
"BM_PubSub_Emit_StdExec_unseq/100/repeats:10/process_time/real_time",3625,193629,193613,ns,,,,,,142.469,1903.34
"BM_PubSub_Emit_StdExec_unseq/100/repeats:10/process_time/real_time",3625,198510,198505,ns,,,,,,138.966,1988.75
"BM_PubSub_Emit_StdExec_unseq/100/repeats:10/process_time/real_time",3625,229926,229899,ns,,,,,,119.979,1905.41
"BM_PubSub_Emit_StdExec_unseq/100/repeats:10/process_time/real_time",3625,200251,200231,ns,,,,,,137.758,2397.5
"BM_PubSub_Emit_StdExec_unseq/100/repeats:10/process_time/real_time",3625,205420,205408,ns,,,,,,134.292,1997.5
"BM_PubSub_Emit_StdExec_unseq/100/repeats:10/process_time/real_time",3625,203671,203664,ns,,,,,,135.445,4822.5
"BM_PubSub_Emit_StdExec_unseq/100/repeats:10/process_time/real_time",3625,207718,207620,ns,,,,,,132.806,1905.83
"BM_PubSub_Emit_StdExec_unseq/100/repeats:10/process_time/real_time_mean",10,202811,202786,ns,,,,,,136.342,2263.42
"BM_PubSub_Emit_StdExec_unseq/100/repeats:10/process_time/real_time_median",10,201144,201115,ns,,,,,,137.149,1906.25
"BM_PubSub_Emit_StdExec_unseq/100/repeats:10/process_time/real_time_stddev",10,10808,10799.7,ns,,,,,,6.74744,911.977
"BM_PubSub_Emit_StdExec_unseq/100/repeats:10/process_time/real_time_cv",10,0.0532911,0.0532563,,,,,,,0.0494889,0.40292
"BM_PubSub_Emit_StdExec_unseq/500/repeats:10/process_time/real_time",729,998107,998013,ns,,,,,,687.172,2019.5
"BM_PubSub_Emit_StdExec_unseq/500/repeats:10/process_time/real_time",729,1.02565e+06,1.02402e+06,ns,,,,,,668.717,1921.33
"BM_PubSub_Emit_StdExec_unseq/500/repeats:10/process_time/real_time",729,1.01033e+06,1.01028e+06,ns,,,,,,678.858,1918.08
"BM_PubSub_Emit_StdExec_unseq/500/repeats:10/process_time/real_time",729,1.01519e+06,1.01511e+06,ns,,,,,,675.609,1918.5
"BM_PubSub_Emit_StdExec_unseq/500/repeats:10/process_time/real_time",729,1.00579e+06,1.00569e+06,ns,,,,,,681.92,1917.17
"BM_PubSub_Emit_StdExec_unseq/500/repeats:10/process_time/real_time",729,975910,975882,ns,,,,,,702.802,1916.83
"BM_PubSub_Emit_StdExec_unseq/500/repeats:10/process_time/real_time",729,1.00011e+06,999917,ns,,,,,,685.797,2113.92
"BM_PubSub_Emit_StdExec_unseq/500/repeats:10/process_time/real_time",729,1.0166e+06,1.01652e+06,ns,,,,,,674.674,1937.92
"BM_PubSub_Emit_StdExec_unseq/500/repeats:10/process_time/real_time",729,1.02479e+06,1.02475e+06,ns,,,,,,669.279,1944.08
"BM_PubSub_Emit_StdExec_unseq/500/repeats:10/process_time/real_time",729,997220,997145,ns,,,,,,687.783,1965.42
"BM_PubSub_Emit_StdExec_unseq/500/repeats:10/process_time/real_time_mean",10,1.00697e+06,1.00673e+06,ns,,,,,,681.261,1957.27
"BM_PubSub_Emit_StdExec_unseq/500/repeats:10/process_time/real_time_median",10,1.00806e+06,1.00799e+06,ns,,,,,,680.389,1929.63
"BM_PubSub_Emit_StdExec_unseq/500/repeats:10/process_time/real_time_stddev",10,14999.8,14792.6,ns,,,,,,10.2443,63.7695
"BM_PubSub_Emit_StdExec_unseq/500/repeats:10/process_time/real_time_cv",10,0.014896,0.0146937,,,,,,,0.0150373,0.0325808
"BM_PubSub_Emit_StdExec_unseq/1000/repeats:10/process_time/real_time",311,1.99772e+06,1.99763e+06,ns,,,,,,1609.55,15538.8
"BM_PubSub_Emit_StdExec_unseq/1000/repeats:10/process_time/real_time",311,1.99704e+06,1.99683e+06,ns,,,,,,1610.1,1921.88
"BM_PubSub_Emit_StdExec_unseq/1000/repeats:10/process_time/real_time",311,2.06305e+06,2.06298e+06,ns,,,,,,1558.59,1918.17
"BM_PubSub_Emit_StdExec_unseq/1000/repeats:10/process_time/real_time",311,2.06094e+06,2.06068e+06,ns,,,,,,1560.17,1929.25
"BM_PubSub_Emit_StdExec_unseq/1000/repeats:10/process_time/real_time",311,2.05813e+06,2.05803e+06,ns,,,,,,1562.31,1967.38
"BM_PubSub_Emit_StdExec_unseq/1000/repeats:10/process_time/real_time",311,2.06793e+06,2.06779e+06,ns,,,,,,1554.9,1918.5
"BM_PubSub_Emit_StdExec_unseq/1000/repeats:10/process_time/real_time",311,2.06821e+06,2.06788e+06,ns,,,,,,1554.69,1919.92
"BM_PubSub_Emit_StdExec_unseq/1000/repeats:10/process_time/real_time",311,2.08244e+06,2.08237e+06,ns,,,,,,1544.07,1931.04
"BM_PubSub_Emit_StdExec_unseq/1000/repeats:10/process_time/real_time",311,2.07531e+06,2.07498e+06,ns,,,,,,1549.37,1935.5
"BM_PubSub_Emit_StdExec_unseq/1000/repeats:10/process_time/real_time",311,2.0457e+06,2.04551e+06,ns,,,,,,1571.8,1921.17
"BM_PubSub_Emit_StdExec_unseq/1000/repeats:10/process_time/real_time_mean",10,2.05165e+06,2.05147e+06,ns,,,,,,1567.56,3290.16
"BM_PubSub_Emit_StdExec_unseq/1000/repeats:10/process_time/real_time_median",10,2.062e+06,2.06183e+06,ns,,,,,,1559.38,1925.56
"BM_PubSub_Emit_StdExec_unseq/1000/repeats:10/process_time/real_time_stddev",10,30243.8,30228.3,ns,,,,,,23.4809,4303.77
"BM_PubSub_Emit_StdExec_unseq/1000/repeats:10/process_time/real_time_cv",10,0.0147412,0.014735,,,,,,,0.0149793,1.30807
"BM_PubSub_Emit_StdExec_unseq/repeats:10/process_time/real_time_BigO",,2043.97,2043.74,N,,,,,,,
"BM_PubSub_Emit_StdExec_unseq/repeats:10/process_time/real_time_RMS",,2.56508e-11,2.56353e-11,,,,,,,,
"BM_PubSub_Emit_TBB/1/repeats:10/process_time/real_time",200683,3624.47,23809.4,ns,,,,,,1.37482,2667
"BM_PubSub_Emit_TBB/1/repeats:10/process_time/real_time",200683,3652,22920.4,ns,,,,,,1.36445,2500
"BM_PubSub_Emit_TBB/1/repeats:10/process_time/real_time",200683,3757.58,24867.9,ns,,,,,,1.32612,2792
"BM_PubSub_Emit_TBB/1/repeats:10/process_time/real_time",200683,3634.1,23808.5,ns,,,,,,1.37117,2667
"BM_PubSub_Emit_TBB/1/repeats:10/process_time/real_time",200683,3791.65,25064.1,ns,,,,,,1.3142,2416
"BM_PubSub_Emit_TBB/1/repeats:10/process_time/real_time",200683,3498.63,23618.2,ns,,,,,,1.42427,2417
"BM_PubSub_Emit_TBB/1/repeats:10/process_time/real_time",200683,3040.23,20058.6,ns,,,,,,1.63901,2500
"BM_PubSub_Emit_TBB/1/repeats:10/process_time/real_time",200683,2923.97,19417.3,ns,,,,,,1.70418,2416
"BM_PubSub_Emit_TBB/1/repeats:10/process_time/real_time",200683,2953.33,19701,ns,,,,,,1.68724,2250
"BM_PubSub_Emit_TBB/1/repeats:10/process_time/real_time",200683,2942,19635.6,ns,,,,,,1.69374,2583
"BM_PubSub_Emit_TBB/1/repeats:10/process_time/real_time_mean",10,3381.8,22290.1,ns,,,,,,1.48992,2520.8
"BM_PubSub_Emit_TBB/1/repeats:10/process_time/real_time_median",10,3561.55,23269.3,ns,,,,,,1.39954,2500
"BM_PubSub_Emit_TBB/1/repeats:10/process_time/real_time_stddev",10,368.433,2311.74,ns,,,,,,0.167906,158.852
"BM_PubSub_Emit_TBB/1/repeats:10/process_time/real_time_cv",10,0.108946,0.103711,,,,,,,0.112694,0.0630165
"BM_PubSub_Emit_TBB/10/repeats:10/process_time/real_time",88040,7744.83,60791,ns,,,,,,14.6659,729.2
"BM_PubSub_Emit_TBB/10/repeats:10/process_time/real_time",88040,8165.98,62094.7,ns,,,,,,13.9095,825
"BM_PubSub_Emit_TBB/10/repeats:10/process_time/real_time",88040,8306.24,63329.5,ns,,,,,,13.6746,762.5
"BM_PubSub_Emit_TBB/10/repeats:10/process_time/real_time",88040,7740.98,61108.4,ns,,,,,,14.6732,637.5
"BM_PubSub_Emit_TBB/10/repeats:10/process_time/real_time",88040,7735.23,60961.8,ns,,,,,,14.6841,712.5
"BM_PubSub_Emit_TBB/10/repeats:10/process_time/real_time",88040,7785.71,61108.4,ns,,,,,,14.5889,820.8
"BM_PubSub_Emit_TBB/10/repeats:10/process_time/real_time",88040,7706.89,60810.1,ns,,,,,,14.7381,720.8
"BM_PubSub_Emit_TBB/10/repeats:10/process_time/real_time",88040,7826.16,60812.6,ns,,,,,,14.5135,620.9
"BM_PubSub_Emit_TBB/10/repeats:10/process_time/real_time",88040,7764.08,60963.2,ns,,,,,,14.6295,637.5
"BM_PubSub_Emit_TBB/10/repeats:10/process_time/real_time",88040,7747.43,60861.5,ns,,,,,,14.661,850
"BM_PubSub_Emit_TBB/10/repeats:10/process_time/real_time_mean",10,7852.35,61284.1,ns,,,,,,14.4738,731.67
"BM_PubSub_Emit_TBB/10/repeats:10/process_time/real_time_median",10,7755.76,60962.5,ns,,,,,,14.6452,725
"BM_PubSub_Emit_TBB/10/repeats:10/process_time/real_time_stddev",10,207.404,815.007,ns,,,,,,0.368465,83.0695
"BM_PubSub_Emit_TBB/10/repeats:10/process_time/real_time_cv",10,0.0264129,0.0132988,,,,,,,0.0254574,0.113534
"BM_PubSub_Emit_TBB/100/repeats:10/process_time/real_time",13198,49859.2,368798,ns,,,,,,151.966,618.33
"BM_PubSub_Emit_TBB/100/repeats:10/process_time/real_time",13198,50455.1,380713,ns,,,,,,150.171,463.33
"BM_PubSub_Emit_TBB/100/repeats:10/process_time/real_time",13198,54070.3,417182,ns,,,,,,140.131,491.25
"BM_PubSub_Emit_TBB/100/repeats:10/process_time/real_time",13198,56874.6,427269,ns,,,,,,133.221,566.25
"BM_PubSub_Emit_TBB/100/repeats:10/process_time/real_time",13198,62405.9,453645,ns,,,,,,121.413,495
"BM_PubSub_Emit_TBB/100/repeats:10/process_time/real_time",13198,58175.1,435083,ns,,,,,,130.243,490.84
"BM_PubSub_Emit_TBB/100/repeats:10/process_time/real_time",13198,58954.6,439537,ns,,,,,,128.521,496.66
"BM_PubSub_Emit_TBB/100/repeats:10/process_time/real_time",13198,57520.7,434161,ns,,,,,,131.725,448.75
"BM_PubSub_Emit_TBB/100/repeats:10/process_time/real_time",13198,51189.3,400910,ns,,,,,,148.017,502.08
"BM_PubSub_Emit_TBB/100/repeats:10/process_time/real_time",13198,64368.4,461578,ns,,,,,,117.712,443.33
"BM_PubSub_Emit_TBB/100/repeats:10/process_time/real_time_mean",10,56387.3,421888,ns,,,,,,135.312,501.582
"BM_PubSub_Emit_TBB/100/repeats:10/process_time/real_time_median",10,57197.6,430715,ns,,,,,,132.473,493.125
"BM_PubSub_Emit_TBB/100/repeats:10/process_time/real_time_stddev",10,4960.11,30230.7,ns,,,,,,11.9014,53.4891
"BM_PubSub_Emit_TBB/100/repeats:10/process_time/real_time_cv",10,0.087965,0.0716559,,,,,,,0.0879553,0.106641
"BM_PubSub_Emit_TBB/500/repeats:10/process_time/real_time",2959,235769,1.83899e+06,ns,,,,,,716.7,409.582
"BM_PubSub_Emit_TBB/500/repeats:10/process_time/real_time",2959,244205,1.86888e+06,ns,,,,,,691.942,846.418
"BM_PubSub_Emit_TBB/500/repeats:10/process_time/real_time",2959,237604,1.85546e+06,ns,,,,,,711.167,508.418
"BM_PubSub_Emit_TBB/500/repeats:10/process_time/real_time",2959,257451,1.95105e+06,ns,,,,,,656.342,468.916
"BM_PubSub_Emit_TBB/500/repeats:10/process_time/real_time",2959,237975,1.8507e+06,ns,,,,,,710.057,453.75
"BM_PubSub_Emit_TBB/500/repeats:10/process_time/real_time",2959,238621,1.85594e+06,ns,,,,,,708.135,503.334
"BM_PubSub_Emit_TBB/500/repeats:10/process_time/real_time",2959,267627,1.99211e+06,ns,,,,,,631.386,578.666
"BM_PubSub_Emit_TBB/500/repeats:10/process_time/real_time",2959,297708,2.14016e+06,ns,,,,,,567.591,560.75
"BM_PubSub_Emit_TBB/500/repeats:10/process_time/real_time",2959,264312,1.97787e+06,ns,,,,,,639.306,453.832
"BM_PubSub_Emit_TBB/500/repeats:10/process_time/real_time",2959,253662,1.93469e+06,ns,,,,,,666.147,500.332
"BM_PubSub_Emit_TBB/500/repeats:10/process_time/real_time_mean",10,253493,1.92658e+06,ns,,,,,,669.877,528.4
"BM_PubSub_Emit_TBB/500/repeats:10/process_time/real_time_median",10,248934,1.90178e+06,ns,,,,,,679.044,501.833
"BM_PubSub_Emit_TBB/500/repeats:10/process_time/real_time_stddev",10,19443,94288.5,ns,,,,,,47.7703,122.616
"BM_PubSub_Emit_TBB/500/repeats:10/process_time/real_time_cv",10,0.0767,0.0489408,,,,,,,0.071312,0.232052
"BM_PubSub_Emit_TBB/1000/repeats:10/process_time/real_time",1480,514970,3.90905e+06,ns,,,,,,1312.07,561.041
"BM_PubSub_Emit_TBB/1000/repeats:10/process_time/real_time",1480,515834,3.9369e+06,ns,,,,,,1309.87,420.833
"BM_PubSub_Emit_TBB/1000/repeats:10/process_time/real_time",1480,535470,4.03727e+06,ns,,,,,,1261.84,459.208
"BM_PubSub_Emit_TBB/1000/repeats:10/process_time/real_time",1480,494472,3.80073e+06,ns,,,,,,1366.46,538.417
"BM_PubSub_Emit_TBB/1000/repeats:10/process_time/real_time",1480,528422,3.94158e+06,ns,,,,,,1278.67,1447.62
"BM_PubSub_Emit_TBB/1000/repeats:10/process_time/real_time",1480,715288,4.99241e+06,ns,,,,,,944.62,489.375
"BM_PubSub_Emit_TBB/1000/repeats:10/process_time/real_time",1480,921555,5.14192e+06,ns,,,,,,733.19,484.25
"BM_PubSub_Emit_TBB/1000/repeats:10/process_time/real_time",1480,1.00115e+06,5.19027e+06,ns,,,,,,674.902,1842.79
"BM_PubSub_Emit_TBB/1000/repeats:10/process_time/real_time",1480,1.38222e+06,6.61308e+06,ns,,,,,,488.835,696.208
"BM_PubSub_Emit_TBB/1000/repeats:10/process_time/real_time",1480,1.10346e+06,6.22063e+06,ns,,,,,,612.325,487.708
"BM_PubSub_Emit_TBB/1000/repeats:10/process_time/real_time_mean",10,771283,4.77839e+06,ns,,,,,,998.277,742.746
"BM_PubSub_Emit_TBB/1000/repeats:10/process_time/real_time_median",10,625379,4.51484e+06,ns,,,,,,1103.23,513.896
"BM_PubSub_Emit_TBB/1000/repeats:10/process_time/real_time_stddev",10,313457,1.0254e+06,ns,,,,,,344.062,490.348
"BM_PubSub_Emit_TBB/1000/repeats:10/process_time/real_time_cv",10,0.40641,0.21459,,,,,,,0.344656,0.660183
"BM_PubSub_Emit_TBB/repeats:10/process_time/real_time_BigO",,717.205,4590.51,N,,,,,,,
"BM_PubSub_Emit_TBB/repeats:10/process_time/real_time_RMS",,6.56959e-10,3.29405e-10,,,,,,,,
"BM_BoostSignal_Emit/1/repeats:10/process_time/real_time",255713,2203.11,2202.86,ns,,,,,,1.77505,2083
"BM_BoostSignal_Emit/1/repeats:10/process_time/real_time",255713,2493.05,2492.28,ns,,,,,,1.56862,2083
"BM_BoostSignal_Emit/1/repeats:10/process_time/real_time",255713,2202.25,2201.99,ns,,,,,,1.77574,2083
"BM_BoostSignal_Emit/1/repeats:10/process_time/real_time",255713,3928.53,3927.78,ns,,,,,,0.995445,3417
"BM_BoostSignal_Emit/1/repeats:10/process_time/real_time",255713,4227.79,4227.01,ns,,,,,,0.924983,2791
"BM_BoostSignal_Emit/1/repeats:10/process_time/real_time",255713,3747.44,3745.04,ns,,,,,,1.04355,3416
"BM_BoostSignal_Emit/1/repeats:10/process_time/real_time",255713,2738.4,2738.24,ns,,,,,,1.42807,2417
"BM_BoostSignal_Emit/1/repeats:10/process_time/real_time",255713,2190.71,2189.9,ns,,,,,,1.7851,2083
"BM_BoostSignal_Emit/1/repeats:10/process_time/real_time",255713,2245.08,2244.66,ns,,,,,,1.74187,2042
"BM_BoostSignal_Emit/1/repeats:10/process_time/real_time",255713,2191.78,2191.51,ns,,,,,,1.78423,2042
"BM_BoostSignal_Emit/1/repeats:10/process_time/real_time_mean",10,2816.81,2816.13,ns,,,,,,1.48227,2445.7
"BM_BoostSignal_Emit/1/repeats:10/process_time/real_time_median",10,2369.06,2368.47,ns,,,,,,1.65524,2083
"BM_BoostSignal_Emit/1/repeats:10/process_time/real_time_stddev",10,821.087,820.726,ns,,,,,,0.360949,563.433
"BM_BoostSignal_Emit/1/repeats:10/process_time/real_time_cv",10,0.291495,0.291438,,,,,,,0.243512,0.230377
"BM_BoostSignal_Emit/10/repeats:10/process_time/real_time",34817,21110.4,21109.3,ns,,,,,,13.6054,1975
"BM_BoostSignal_Emit/10/repeats:10/process_time/real_time",34817,20102.6,20100.8,ns,,,,,,14.2875,1970.9
"BM_BoostSignal_Emit/10/repeats:10/process_time/real_time",34817,20570.5,20569.7,ns,,,,,,13.9625,1966.6
"BM_BoostSignal_Emit/10/repeats:10/process_time/real_time",34817,20110,20109.4,ns,,,,,,14.2823,1966.7
"BM_BoostSignal_Emit/10/repeats:10/process_time/real_time",34817,20170.9,20168.3,ns,,,,,,14.2391,1962.5
"BM_BoostSignal_Emit/10/repeats:10/process_time/real_time",34817,20250.5,20247.3,ns,,,,,,14.1832,1970.8
"BM_BoostSignal_Emit/10/repeats:10/process_time/real_time",34817,20196.6,20192.6,ns,,,,,,14.221,1975
"BM_BoostSignal_Emit/10/repeats:10/process_time/real_time",34817,20109.8,20108.3,ns,,,,,,14.2824,1970.9
"BM_BoostSignal_Emit/10/repeats:10/process_time/real_time",34817,20100.2,20098.8,ns,,,,,,14.2892,1966.7
"BM_BoostSignal_Emit/10/repeats:10/process_time/real_time",34817,20191.8,20191.4,ns,,,,,,14.2244,1970.8
"BM_BoostSignal_Emit/10/repeats:10/process_time/real_time_mean",10,20291.3,20289.6,ns,,,,,,14.1577,1969.59
"BM_BoostSignal_Emit/10/repeats:10/process_time/real_time_median",10,20181.4,20179.8,ns,,,,,,14.2318,1970.8
"BM_BoostSignal_Emit/10/repeats:10/process_time/real_time_stddev",10,320.05,320.297,ns,,,,,,0.217066,3.95543
"BM_BoostSignal_Emit/10/repeats:10/process_time/real_time_cv",10,0.0157728,0.0157863,,,,,,,0.015332,0.00200825
"BM_BoostSignal_Emit/100/repeats:10/process_time/real_time",3384,200320,200212,ns,,,,,,147.518,1960.84
"BM_BoostSignal_Emit/100/repeats:10/process_time/real_time",3384,199731,199691,ns,,,,,,147.953,1960.83
"BM_BoostSignal_Emit/100/repeats:10/process_time/real_time",3384,198847,198843,ns,,,,,,148.611,1961.25
"BM_BoostSignal_Emit/100/repeats:10/process_time/real_time",3384,199411,199356,ns,,,,,,148.191,1985
"BM_BoostSignal_Emit/100/repeats:10/process_time/real_time",3384,199075,199069,ns,,,,,,148.441,1959.58
"BM_BoostSignal_Emit/100/repeats:10/process_time/real_time",3384,199131,199128,ns,,,,,,148.399,1960.41
"BM_BoostSignal_Emit/100/repeats:10/process_time/real_time",3384,199125,199118,ns,,,,,,148.404,1959.17
"BM_BoostSignal_Emit/100/repeats:10/process_time/real_time",3384,199210,199198,ns,,,,,,148.34,1960
"BM_BoostSignal_Emit/100/repeats:10/process_time/real_time",3384,199304,199300,ns,,,,,,148.27,2036.25
"BM_BoostSignal_Emit/100/repeats:10/process_time/real_time",3384,199555,199363,ns,,,,,,148.083,1958.34
"BM_BoostSignal_Emit/100/repeats:10/process_time/real_time_mean",10,199371,199328,ns,,,,,,148.221,1970.17
"BM_BoostSignal_Emit/100/repeats:10/process_time/real_time_median",10,199257,199249,ns,,,,,,148.305,1960.62
"BM_BoostSignal_Emit/100/repeats:10/process_time/real_time_stddev",10,418.576,382.722,ns,,,,,,0.310493,24.5224
"BM_BoostSignal_Emit/100/repeats:10/process_time/real_time_cv",10,0.00209948,0.00192006,,,,,,,0.0020948,0.0124469
"BM_BoostSignal_Emit/500/repeats:10/process_time/real_time",702,996710,996675,ns,,,,,,714.602,1975.75
"BM_BoostSignal_Emit/500/repeats:10/process_time/real_time",702,995344,995332,ns,,,,,,715.583,1978.17
"BM_BoostSignal_Emit/500/repeats:10/process_time/real_time",702,995093,995049,ns,,,,,,715.763,1975.83
"BM_BoostSignal_Emit/500/repeats:10/process_time/real_time",702,994251,994220,ns,,,,,,716.369,1975.75
"BM_BoostSignal_Emit/500/repeats:10/process_time/real_time",702,997652,997613,ns,,,,,,713.927,1989.67
"BM_BoostSignal_Emit/500/repeats:10/process_time/real_time",702,1.04963e+06,1.0495e+06,ns,,,,,,678.575,1980.33
"BM_BoostSignal_Emit/500/repeats:10/process_time/real_time",702,995624,995454,ns,,,,,,715.382,1977.33
"BM_BoostSignal_Emit/500/repeats:10/process_time/real_time",702,989613,989533,ns,,,,,,719.726,1976
"BM_BoostSignal_Emit/500/repeats:10/process_time/real_time",702,995142,993644,ns,,,,,,715.728,1974.92
"BM_BoostSignal_Emit/500/repeats:10/process_time/real_time",702,995035,994976,ns,,,,,,715.804,1984.5
"BM_BoostSignal_Emit/500/repeats:10/process_time/real_time_mean",10,1.00041e+06,1.0002e+06,ns,,,,,,712.146,1978.82
"BM_BoostSignal_Emit/500/repeats:10/process_time/real_time_median",10,995243,995191,ns,,,,,,715.655,1976.67
"BM_BoostSignal_Emit/500/repeats:10/process_time/real_time_stddev",10,17421.7,17454.3,ns,,,,,,11.8935,4.78174
"BM_BoostSignal_Emit/500/repeats:10/process_time/real_time_cv",10,0.0174146,0.0174508,,,,,,,0.0167009,0.00241646
"BM_BoostSignal_Emit/1000/repeats:10/process_time/real_time",351,2.06434e+06,2.06422e+06,ns,,,,,,1380.1,1991.79
"BM_BoostSignal_Emit/1000/repeats:10/process_time/real_time",351,1.99656e+06,1.99651e+06,ns,,,,,,1426.96,1979.5
"BM_BoostSignal_Emit/1000/repeats:10/process_time/real_time",351,2.05693e+06,2.05679e+06,ns,,,,,,1385.08,1983.54
"BM_BoostSignal_Emit/1000/repeats:10/process_time/real_time",351,1.99227e+06,1.99207e+06,ns,,,,,,1430.03,2001.21
"BM_BoostSignal_Emit/1000/repeats:10/process_time/real_time",351,1.99365e+06,1.9935e+06,ns,,,,,,1429.04,1978.83
"BM_BoostSignal_Emit/1000/repeats:10/process_time/real_time",351,1.98842e+06,1.98833e+06,ns,,,,,,1432.79,1981.17
"BM_BoostSignal_Emit/1000/repeats:10/process_time/real_time",351,2.03983e+06,2.03966e+06,ns,,,,,,1396.69,2033.54
"BM_BoostSignal_Emit/1000/repeats:10/process_time/real_time",351,1.99317e+06,1.99293e+06,ns,,,,,,1429.38,1981.33
"BM_BoostSignal_Emit/1000/repeats:10/process_time/real_time",351,2.06809e+06,2.06796e+06,ns,,,,,,1377.6,2027
"BM_BoostSignal_Emit/1000/repeats:10/process_time/real_time",351,1.99918e+06,1.99902e+06,ns,,,,,,1425.08,2024.38
"BM_BoostSignal_Emit/1000/repeats:10/process_time/real_time_mean",10,2.01924e+06,2.0191e+06,ns,,,,,,1411.28,1998.23
"BM_BoostSignal_Emit/1000/repeats:10/process_time/real_time_median",10,1.99787e+06,1.99777e+06,ns,,,,,,1426.02,1987.67
"BM_BoostSignal_Emit/1000/repeats:10/process_time/real_time_stddev",10,33654.8,33658.7,ns,,,,,,23.3334,21.9291
"BM_BoostSignal_Emit/1000/repeats:10/process_time/real_time_cv",10,0.016667,0.0166701,,,,,,,0.0165336,0.0109743
"BM_BoostSignal_Emit/repeats:10/process_time/real_time_BigO",,2015.39,2015.19,N,,,,,,,
"BM_BoostSignal_Emit/repeats:10/process_time/real_time_RMS",,2.54971e-11,2.55317e-11,,,,,,,,
"BM_QtSignal_Emit/1/repeats:10/process_time/real_time",318741,2269.03,2268.77,ns,,,,,,1.38268,2000
"BM_QtSignal_Emit/1/repeats:10/process_time/real_time",318741,2137.26,2136.89,ns,,,,,,1.46793,2000
"BM_QtSignal_Emit/1/repeats:10/process_time/real_time",318741,2121.66,2121.65,ns,,,,,,1.47872,2000
"BM_QtSignal_Emit/1/repeats:10/process_time/real_time",318741,2125.96,2125.78,ns,,,,,,1.47573,2000
"BM_QtSignal_Emit/1/repeats:10/process_time/real_time",318741,2126.19,2126.05,ns,,,,,,1.47557,2042
"BM_QtSignal_Emit/1/repeats:10/process_time/real_time",318741,2171.08,2170.99,ns,,,,,,1.44506,2042
"BM_QtSignal_Emit/1/repeats:10/process_time/real_time",318741,2118.43,2117.94,ns,,,,,,1.48097,2042
"BM_QtSignal_Emit/1/repeats:10/process_time/real_time",318741,2127.09,2126.68,ns,,,,,,1.47494,2000
"BM_QtSignal_Emit/1/repeats:10/process_time/real_time",318741,2158.69,2158.67,ns,,,,,,1.45336,2000
"BM_QtSignal_Emit/1/repeats:10/process_time/real_time",318741,2130.14,2129.95,ns,,,,,,1.47283,2042
"BM_QtSignal_Emit/1/repeats:10/process_time/real_time_mean",10,2148.55,2148.34,ns,,,,,,1.46078,2016.8
"BM_QtSignal_Emit/1/repeats:10/process_time/real_time_median",10,2128.62,2128.31,ns,,,,,,1.47389,2000
"BM_QtSignal_Emit/1/repeats:10/process_time/real_time_stddev",10,45.5737,45.5871,ns,,,,,,0.0297593,21.6887
"BM_QtSignal_Emit/1/repeats:10/process_time/real_time_cv",10,0.0212113,0.0212197,,,,,,,0.0203722,0.010754
"BM_QtSignal_Emit/10/repeats:10/process_time/real_time",35666,19907.1,19904.7,ns,,,,,,14.0843,1916.7
"BM_QtSignal_Emit/10/repeats:10/process_time/real_time",35666,19554.7,19554.2,ns,,,,,,14.3382,1933.3
"BM_QtSignal_Emit/10/repeats:10/process_time/real_time",35666,19547.9,19547.7,ns,,,,,,14.3431,1925
"BM_QtSignal_Emit/10/repeats:10/process_time/real_time",35666,19565.8,19564.9,ns,,,,,,14.3301,1933.3
"BM_QtSignal_Emit/10/repeats:10/process_time/real_time",35666,20321.3,20320,ns,,,,,,13.7973,1929.1
"BM_QtSignal_Emit/10/repeats:10/process_time/real_time",35666,19828.2,19827.4,ns,,,,,,14.1404,1929.2
"BM_QtSignal_Emit/10/repeats:10/process_time/real_time",35666,19636.9,19634.5,ns,,,,,,14.2782,1929.1
"BM_QtSignal_Emit/10/repeats:10/process_time/real_time",35666,19622.1,19621.5,ns,,,,,,14.2889,1916.7
"BM_QtSignal_Emit/10/repeats:10/process_time/real_time",35666,20154.6,20149.4,ns,,,,,,13.9114,1925
"BM_QtSignal_Emit/10/repeats:10/process_time/real_time",35666,19637,19636.3,ns,,,,,,14.2781,1925
"BM_QtSignal_Emit/10/repeats:10/process_time/real_time_mean",10,19777.6,19776.1,ns,,,,,,14.179,1926.24
"BM_QtSignal_Emit/10/repeats:10/process_time/real_time_median",10,19636.9,19635.4,ns,,,,,,14.2781,1927.05
"BM_QtSignal_Emit/10/repeats:10/process_time/real_time_stddev",10,272.478,271.577,ns,,,,,,0.192825,5.88259
"BM_QtSignal_Emit/10/repeats:10/process_time/real_time_cv",10,0.0137771,0.0137326,,,,,,,0.0135994,0.00305392
"BM_QtSignal_Emit/100/repeats:10/process_time/real_time",3596,196891,196855,ns,,,,,,141.239,1918.75
"BM_QtSignal_Emit/100/repeats:10/process_time/real_time",3596,194820,194810,ns,,,,,,142.741,2125.84
"BM_QtSignal_Emit/100/repeats:10/process_time/real_time",3596,194983,194978,ns,,,,,,142.621,1915.41
"BM_QtSignal_Emit/100/repeats:10/process_time/real_time",3596,198105,198089,ns,,,,,,140.374,1917.91
"BM_QtSignal_Emit/100/repeats:10/process_time/real_time",3596,203646,203627,ns,,,,,,136.554,1995.84
"BM_QtSignal_Emit/100/repeats:10/process_time/real_time",3596,194886,194879,ns,,,,,,142.692,1920
"BM_QtSignal_Emit/100/repeats:10/process_time/real_time",3596,194829,194825,ns,,,,,,142.734,1918.33
"BM_QtSignal_Emit/100/repeats:10/process_time/real_time",3596,194970,194958,ns,,,,,,142.63,1917.5
"BM_QtSignal_Emit/100/repeats:10/process_time/real_time",3596,194805,194798,ns,,,,,,142.752,1916.25
"BM_QtSignal_Emit/100/repeats:10/process_time/real_time",3596,194923,194904,ns,,,,,,142.665,1920
"BM_QtSignal_Emit/100/repeats:10/process_time/real_time_mean",10,196286,196272,ns,,,,,,141.7,1946.58
"BM_QtSignal_Emit/100/repeats:10/process_time/real_time_median",10,194947,194931,ns,,,,,,142.648,1918.54
"BM_QtSignal_Emit/100/repeats:10/process_time/real_time_stddev",10,2819.61,2815.64,ns,,,,,,1.9815,67.5815
"BM_QtSignal_Emit/100/repeats:10/process_time/real_time_cv",10,0.0143648,0.0143456,,,,,,,0.0139837,0.034718
"BM_QtSignal_Emit/500/repeats:10/process_time/real_time",709,987020,986922,ns,,,,,,714.493,1975.33
"BM_QtSignal_Emit/500/repeats:10/process_time/real_time",709,1.0093e+06,1.00922e+06,ns,,,,,,698.722,1933.58
"BM_QtSignal_Emit/500/repeats:10/process_time/real_time",709,999451,999436,ns,,,,,,705.606,1936.33
"BM_QtSignal_Emit/500/repeats:10/process_time/real_time",709,981749,981644,ns,,,,,,718.329,1931
"BM_QtSignal_Emit/500/repeats:10/process_time/real_time",709,975419,975394,ns,,,,,,722.99,1964.67
"BM_QtSignal_Emit/500/repeats:10/process_time/real_time",709,997663,997530,ns,,,,,,706.871,1933
"BM_QtSignal_Emit/500/repeats:10/process_time/real_time",709,972958,972919,ns,,,,,,724.82,1930.67
"BM_QtSignal_Emit/500/repeats:10/process_time/real_time",709,970339,970295,ns,,,,,,726.776,1930.5
"BM_QtSignal_Emit/500/repeats:10/process_time/real_time",709,968755,968697,ns,,,,,,727.964,1931.67
"BM_QtSignal_Emit/500/repeats:10/process_time/real_time",709,969303,969285,ns,,,,,,727.552,1937.58
"BM_QtSignal_Emit/500/repeats:10/process_time/real_time_mean",10,983195,983134,ns,,,,,,717.412,1940.43
"BM_QtSignal_Emit/500/repeats:10/process_time/real_time_median",10,978584,978519,ns,,,,,,720.66,1933.29
"BM_QtSignal_Emit/500/repeats:10/process_time/real_time_stddev",10,14543.9,14526.7,ns,,,,,,10.5252,15.9592
"BM_QtSignal_Emit/500/repeats:10/process_time/real_time_cv",10,0.0147925,0.0147759,,,,,,,0.0146711,0.00822456
"BM_QtSignal_Emit/1000/repeats:10/process_time/real_time",317,1.95453e+06,1.9544e+06,ns,,,,,,1613.98,1930.92
"BM_QtSignal_Emit/1000/repeats:10/process_time/real_time",317,2.06326e+06,2.06314e+06,ns,,,,,,1528.93,1970.79
"BM_QtSignal_Emit/1000/repeats:10/process_time/real_time",317,1.94453e+06,1.94449e+06,ns,,,,,,1622.28,1930.67
"BM_QtSignal_Emit/1000/repeats:10/process_time/real_time",317,1.94483e+06,1.94475e+06,ns,,,,,,1622.03,1992.12
"BM_QtSignal_Emit/1000/repeats:10/process_time/real_time",317,1.94529e+06,1.94512e+06,ns,,,,,,1621.64,2002
"BM_QtSignal_Emit/1000/repeats:10/process_time/real_time",317,1.95192e+06,1.95183e+06,ns,,,,,,1616.14,1931.67
"BM_QtSignal_Emit/1000/repeats:10/process_time/real_time",317,1.95667e+06,1.95653e+06,ns,,,,,,1612.21,1944.46
"BM_QtSignal_Emit/1000/repeats:10/process_time/real_time",317,1.94787e+06,1.94786e+06,ns,,,,,,1619.5,1955.75
"BM_QtSignal_Emit/1000/repeats:10/process_time/real_time",317,1.94503e+06,1.94499e+06,ns,,,,,,1621.87,1948.71
"BM_QtSignal_Emit/1000/repeats:10/process_time/real_time",317,1.94841e+06,1.9482e+06,ns,,,,,,1619.05,1934.46
"BM_QtSignal_Emit/1000/repeats:10/process_time/real_time_mean",10,1.96023e+06,1.96013e+06,ns,,,,,,1609.76,1954.15
"BM_QtSignal_Emit/1000/repeats:10/process_time/real_time_median",10,1.94814e+06,1.94803e+06,ns,,,,,,1619.27,1946.58
"BM_QtSignal_Emit/1000/repeats:10/process_time/real_time_stddev",10,36452,36445.9,ns,,,,,,28.6244,26.0752
"BM_QtSignal_Emit/1000/repeats:10/process_time/real_time_cv",10,0.0185957,0.0185936,,,,,,,0.0177817,0.0133435
"BM_QtSignal_Emit/repeats:10/process_time/real_time_BigO",,1961.48,1961.37,N,,,,,,,
"BM_QtSignal_Emit/repeats:10/process_time/real_time_RMS",,2.64735e-11,2.64663e-11,,,,,,,,
